일시,평균기온(°C),최저기온(°C),최저기온 시각(hhmi),최고기온(°C),최고기온 시각(hhmi),일강수량(mm),최대 순간 풍속(m/s),최대 순간풍속 시각(hhmi),평균 풍속(m/s),최대 순간 풍속 풍향(deg)
2017-01-01,2.7,-3.2,544.0,8.4,1411.0,0.0,4.1,1232.0,0.4,185.6
2017-01-02,5.4,0.4,2359.0,10.2,1402.0,0.0,7.3,1504.0,1.6,309.4
2017-01-03,0.5,-4.8,736.0,7.7,1347.0,0.0,5.1,1452.0,0.7,309.4
2017-01-04,2.0,-2.6,2339.0,9.4,1455.0,0.0,5.3,1506.0,0.7,323.4
2017-01-05,2.8,-3.2,317.0,8.5,1422.0,0.0,6.2,1548.0,0.6,109.7
2017-01-06,4.0,-0.5,2348.0,10.7,1448.0,0.0,5.6,1112.0,0.6,163.1
2017-01-07,2.6,-2.7,724.0,9.5,1448.0,0.0,5.3,1139.0,0.5,331.9
2017-01-08,5.8,0.6,432.0,11.1,1127.0,0.0,5.9,2152.0,1.2,323.4
2017-01-09,1.5,-4.6,2358.0,5.4,1427.0,0.0,8.3,1339.0,2.4,331.9
2017-01-10,-3.8,-8.1,735.0,2.7,1248.0,0.0,10.1,1730.0,2.0,298.1
2017-01-11,-4.7,-11.7,729.0,2.8,1422.0,0.0,8.4,1516.0,1.0,320.6
2017-01-12,-2.3,-6.2,2344.0,2.3,1406.0,0.0,11.1,1439.0,2.2,331.9
2017-01-13,-6.4,-10.3,502.0,-0.6,1425.0,0.0,10.1,1453.0,2.0,334.7
2017-01-14,-8.3,-12.3,2349.0,-3.9,1420.0,0.0,10.9,1658.0,3.1,343.1
2017-01-15,-8.0,-14.8,717.0,-0.4,1514.0,0.0,5.9,1344.0,1.0,323.4
2017-01-16,-5.7,-12.7,640.0,3.1,1529.0,0.0,4.4,1422.0,0.6,320.6
2017-01-17,-3.9,-10.3,746.0,3.4,1512.0,0.0,4.8,1421.0,0.4,320.6
2017-01-18,-1.8,-5.7,731.0,3.4,1549.0,0.0,3.8,1631.0,0.5,312.2
2017-01-19,-2.5,-8.4,758.0,4.6,1431.0,0.0,5.6,1609.0,0.8,289.7
2017-01-20,-5.0,-11.2,2356.0,-1.6,1438.0,4.0,9.3,1151.0,2.2,331.9
2017-01-21,-6.3,-13.5,529.0,0.0,1421.0,1.0,6.4,2337.0,0.8,278.4
2017-01-22,-8.4,-12.5,2358.0,-3.0,1.0,0.0,9.1,1607.0,3.1,312.2
2017-01-23,-10.0,-16.4,727.0,-4.0,1554.0,0.0,5.7,1448.0,0.9,323.4
2017-01-24,-8.9,-15.8,452.0,-1.5,1452.0,0.0,5.1,1532.0,0.8,323.4
2017-01-25,-7.5,-14.7,702.0,0.8,1416.0,0.0,4.5,1258.0,0.5,320.6
2017-01-26,-1.8,-10.7,533.0,3.5,2127.0,0.5,10.7,2126.0,1.9,177.2
2017-01-27,-2.7,-7.6,2331.0,4.1,59.0,3.0,10.6,106.0,2.7,331.9
2017-01-28,-3.1,-10.9,718.0,4.5,1506.0,0.0,4.2,102.0,0.6,84.4
2017-01-29,0.0,-0.9,8.0,1.9,1030.0,3.5,7.9,2209.0,0.7,323.4
2017-01-30,-5.4,-11.4,2358.0,-0.7,1.0,0.0,8.5,1115.0,1.9,312.2
2017-01-31,-6.9,-13.4,623.0,-0.1,1457.0,0.0,5.3,1524.0,0.8,323.4
2017-02-01,-4.4,-8.9,205.0,1.2,1344.0,0.0,8.0,1135.0,2.0,323.4
2017-02-02,-4.0,-12.6,725.0,3.8,1510.0,0.0,6.3,1438.0,1.0,289.7
2017-02-03,-0.1,-4.9,743.0,6.4,1457.0,0.0,4.9,1435.0,0.7,309.4
2017-02-04,0.1,-5.0,709.0,3.6,1247.0,0.0,2.8,2142.0,0.4,87.2
2017-02-05,0.7,-2.9,2328.0,2.8,1535.0,1.0,7.3,1700.0,1.0,323.4
2017-02-06,-1.7,-5.5,740.0,3.0,1515.0,0.0,7.0,408.0,2.0,334.7
2017-02-07,-2.9,-8.3,541.0,3.5,1444.0,0.0,4.9,1534.0,0.8,300.9
2017-02-08,-2.8,-8.1,644.0,1.1,1423.0,0.0,5.7,2117.0,1.0,320.6
2017-02-09,-4.8,-7.4,2351.0,-1.0,1335.0,0.0,9.7,1310.0,2.9,334.7
2017-02-10,-5.9,-9.1,732.0,-1.4,1412.0,0.0,10.8,1305.0,3.6,320.6
2017-02-11,-4.9,-12.3,609.0,1.8,1551.0,0.0,8.4,1354.0,1.7,323.4
2017-02-12,-3.3,-10.6,756.0,5.3,1447.0,0.0,6.8,1320.0,1.1,320.6
2017-02-13,-1.6,-8.8,432.0,6.8,1326.0,0.0,4.5,1409.0,0.6,219.4
2017-02-14,-1.2,-7.2,719.0,6.6,1557.0,0.0,5.4,1436.0,0.9,309.4
2017-02-15,0.1,-6.6,646.0,8.2,1359.0,0.0,4.6,1256.0,0.7,241.9
2017-02-16,5.5,-3.9,609.0,10.5,1512.0,0.0,6.5,1019.0,1.4,196.9
2017-02-17,0.9,-5.1,2354.0,8.2,1.0,3.5,13.1,929.0,3.1,320.6
2017-02-18,-3.1,-9.9,624.0,4.1,1549.0,0.0,9.8,1509.0,1.7,331.9
2017-02-19,2.3,-5.7,335.0,6.4,1634.0,1.5,8.9,1422.0,2.0,165.9
2017-02-20,-1.4,-5.7,2258.0,5.3,212.0,0.5,12.3,1345.0,3.5,334.7
2017-02-21,-2.0,-10.0,613.0,6.6,1519.0,0.0,4.8,1530.0,0.9,289.7
2017-02-22,0.9,-2.1,1.0,3.6,746.0,1.0,7.1,2319.0,1.2,331.9
2017-02-23,-1.2,-4.6,2356.0,3.5,1508.0,0.0,11.1,1252.0,3.3,331.9
2017-02-24,-1.7,-9.1,717.0,5.7,1511.0,0.0,8.7,1513.0,1.2,312.2
2017-02-25,1.5,-5.2,539.0,9.4,1410.0,0.0,7.7,1559.0,1.3,309.4
2017-02-26,1.8,-4.4,723.0,10.4,1417.0,0.0,8.3,1426.0,1.1,320.6
2017-02-27,2.0,-4.9,633.0,11.1,1430.0,0.0,7.3,1500.0,0.8,331.9
2017-02-28,3.8,-3.9,415.0,12.7,1446.0,0.0,6.3,1331.0,0.9,219.4
2017-03-01,4.2,1.0,712.0,12.0,1241.0,4.0,8.7,1525.0,1.2,289.7
2017-03-02,1.4,-3.3,2357.0,7.3,1528.0,0.0,7.0,1456.0,2.1,320.6
2017-03-03,2.3,-5.3,359.0,11.0,1455.0,0.0,8.0,1340.0,1.3,289.7
2017-03-04,3.7,-2.2,626.0,12.1,1358.0,0.0,6.0,1451.0,0.8,345.9
2017-03-05,3.7,-2.1,636.0,10.9,1329.0,0.0,7.7,2339.0,1.2,320.6
2017-03-06,0.3,-3.0,647.0,5.1,1507.0,0.0,10.5,1745.0,3.2,320.6
2017-03-07,-1.2,-4.2,2357.0,3.7,1428.0,0.0,12.6,1813.0,3.1,343.1
2017-03-08,-0.5,-7.9,539.0,7.1,1519.0,0.0,10.9,1244.0,2.0,320.6
2017-03-09,3.2,-5.3,448.0,11.8,1449.0,0.0,9.9,1426.0,2.2,253.1
2017-03-10,3.1,-4.9,522.0,13.1,1453.0,0.0,7.6,1609.0,1.0,323.4
2017-03-11,5.5,-3.1,605.0,16.4,1425.0,0.0,8.0,1549.0,0.9,320.6
2017-03-12,7.3,1.2,351.0,14.5,1322.0,0.0,7.8,2249.0,1.1,331.9
2017-03-13,5.6,-1.9,615.0,13.3,1618.0,0.0,7.3,1540.0,1.7,312.2
2017-03-14,5.1,-2.2,723.0,12.3,1319.0,0.0,10.6,1553.0,2.2,323.4
2017-03-15,4.3,-3.4,619.0,13.8,1445.0,0.0,6.3,1341.0,1.1,331.9
2017-03-16,4.5,-3.1,621.0,14.3,1410.0,0.0,6.6,1637.0,1.0,320.6
2017-03-17,5.8,-2.4,631.0,16.9,1502.0,0.0,6.3,1619.0,0.9,331.9
2017-03-18,8.1,2.5,2353.0,16.9,1434.0,0.0,7.8,1553.0,1.2,312.2
2017-03-19,8.9,-0.6,448.0,19.2,1531.0,0.0,5.5,1532.0,0.9,278.4
2017-03-20,8.3,1.7,552.0,15.3,1508.0,0.0,5.1,1930.0,0.7,286.9
2017-03-21,6.4,0.3,633.0,14.4,1519.0,0.0,9.2,1834.0,1.7,331.9
2017-03-22,6.1,-2.4,651.0,15.4,1452.0,0.0,7.0,1621.0,1.2,255.9
2017-03-23,7.4,1.4,501.0,16.0,1557.0,0.0,7.0,1546.0,1.2,323.4
2017-03-24,7.2,-0.4,548.0,15.3,1519.0,0.0,6.0,1629.0,1.0,312.2
2017-03-25,6.6,1.6,713.0,14.3,1429.0,0.0,7.1,1521.0,1.3,264.4
2017-03-26,6.6,1.3,20.0,12.7,1232.0,0.0,7.5,2352.0,1.3,267.2
2017-03-27,5.3,0.8,2358.0,12.9,1359.0,0.5,11.3,1440.0,1.5,345.9
2017-03-28,6.0,-0.8,524.0,14.0,1518.0,0.0,6.2,1426.0,1.2,323.4
2017-03-29,8.0,1.1,106.0,15.6,1313.0,0.0,6.6,1653.0,1.1,331.9
2017-03-30,9.2,0.4,612.0,18.2,1447.0,0.0,5.7,1248.0,1.1,354.4
2017-03-31,7.5,3.0,2307.0,13.1,1030.0,0.5,6.3,839.0,1.0,165.9
2017-04-01,7.7,1.4,327.0,16.6,1401.0,0.0,9.4,1524.0,1.3,19.7
2017-04-02,7.7,0.2,501.0,17.7,1459.0,0.0,7.6,1224.0,1.3,312.2
2017-04-03,10.2,1.1,435.0,20.7,1415.0,0.0,6.7,1439.0,1.1,320.6
2017-04-04,12.4,2.1,602.0,22.8,1419.0,0.0,6.9,1439.0,1.1,320.6
2017-04-05,11.2,8.6,536.0,15.0,1206.0,28.0,7.8,2007.0,1.6,143.4
2017-04-06,10.2,9.4,817.0,13.6,937.0,2.0,5.7,235.0,1.7,219.4
2017-04-07,13.8,8.7,417.0,23.6,1540.0,0.0,5.3,1013.0,1.1,196.9
2017-04-08,11.7,6.3,559.0,20.2,1409.0,1.0,5.8,1605.0,1.0,275.6
2017-04-09,13.9,8.2,556.0,21.0,1417.0,0.0,5.8,2157.0,1.1,129.4
2017-04-10,15.9,9.3,629.0,23.5,1535.0,0.0,7.1,1347.0,1.6,222.2
2017-04-11,14.6,9.6,558.0,21.8,1407.0,0.0,9.0,1923.0,2.4,334.7
2017-04-12,10.9,4.5,616.0,18.3,1357.0,0.0,10.3,1323.0,2.6,343.1
2017-04-13,11.6,2.5,549.0,20.7,1413.0,0.0,8.1,1402.0,1.5,222.2
2017-04-14,12.7,9.5,324.0,19.0,1128.0,9.0,11.3,957.0,2.8,199.7
2017-04-15,15.7,9.6,645.0,25.0,1438.0,0.0,7.7,1449.0,1.3,331.9
2017-04-16,16.6,9.3,502.0,24.5,1422.0,0.0,4.5,1306.0,0.7,278.4
2017-04-17,12.9,8.3,2355.0,17.2,1107.0,7.5,5.7,707.0,1.1,230.6
2017-04-18,10.7,7.0,344.0,17.8,1045.0,5.0,9.5,1216.0,1.8,320.6
2017-04-19,11.4,3.3,610.0,19.7,1443.0,0.0,10.2,1204.0,1.7,300.9
2017-04-20,11.8,6.3,2341.0,20.2,1309.0,0.0,10.2,1429.0,1.3,300.9
2017-04-21,11.0,3.6,436.0,20.3,1316.0,0.0,7.4,1403.0,1.1,300.9
2017-04-22,12.8,4.3,604.0,24.1,1530.0,0.0,8.3,1630.0,1.4,298.1
2017-04-23,13.0,4.6,519.0,23.1,1458.0,0.0,8.3,1414.0,1.5,253.1
2017-04-24,13.6,3.8,532.0,22.4,1318.0,0.0,14.1,1336.0,2.0,267.2
2017-04-25,15.2,10.4,631.0,21.2,1210.0,0.0,6.0,1312.0,1.6,255.9
2017-04-26,14.3,6.4,627.0,22.3,1354.0,0.0,10.0,1419.0,2.4,312.2
2017-04-27,12.5,3.6,544.0,22.6,1304.0,0.0,10.6,1536.0,2.2,312.2
2017-04-28,13.7,8.0,122.0,22.3,1221.0,0.0,8.1,1519.0,2.4,253.1
2017-04-29,16.0,5.8,526.0,24.6,1356.0,0.0,8.6,1253.0,1.9,208.1
2017-04-30,18.4,11.7,2324.0,28.4,1339.0,0.0,7.7,1524.0,2.0,289.7
2017-05-01,18.1,9.4,605.0,29.4,1517.0,0.0,6.7,1452.0,1.0,323.4
2017-05-02,18.6,10.4,547.0,29.6,1509.0,0.0,5.7,1548.0,1.0,312.2
2017-05-03,19.2,9.0,613.0,30.9,1401.0,0.0,7.2,1513.0,1.1,289.7
2017-05-04,19.5,10.8,343.0,28.6,1412.0,0.0,6.7,1536.0,1.0,286.9
2017-05-05,20.2,14.3,609.0,28.8,1402.0,0.0,9.7,1626.0,1.9,312.2
2017-05-06,13.8,5.7,557.0,21.0,1226.0,0.0,10.6,1450.0,2.5,255.9
2017-05-07,14.9,6.5,329.0,24.8,1409.0,0.0,8.8,1530.0,1.7,278.4
2017-05-08,16.7,7.9,114.0,24.1,1159.0,0.0,5.8,1157.0,1.3,286.9
2017-05-09,15.5,12.5,619.0,24.4,1426.0,5.5,6.2,1436.0,0.6,154.7
2017-05-10,15.5,11.2,2206.0,22.9,1545.0,0.5,7.3,1217.0,1.3,334.7
2017-05-11,17.7,10.6,328.0,25.7,1442.0,0.0,5.7,1432.0,1.0,241.9
2017-05-12,17.5,13.7,218.0,21.4,1203.0,0.0,6.2,1454.0,1.6,275.6
2017-05-13,15.5,10.6,0.0,24.0,1338.0,5.0,13.9,1424.0,2.3,196.9
2017-05-14,15.3,8.8,452.0,23.4,1452.0,0.0,10.9,1239.0,2.6,286.9
2017-05-15,14.6,8.3,446.0,22.5,1518.0,0.0,5.7,1304.0,1.6,264.4
2017-05-16,16.1,10.3,0.0,23.7,1612.0,0.0,6.1,1613.0,1.2,312.2
2017-05-17,17.1,8.4,531.0,28.1,1434.0,0.0,6.6,1457.0,1.2,289.7
2017-05-18,18.7,9.4,555.0,28.4,1352.0,0.0,8.1,1650.0,1.2,312.2
2017-05-19,19.4,10.8,537.0,29.6,1453.0,0.0,7.8,1526.0,1.3,320.6
2017-05-20,19.0,10.4,529.0,29.0,1251.0,0.0,6.0,1657.0,1.3,320.6
2017-05-21,19.6,11.1,439.0,29.6,1420.0,0.0,7.7,1400.0,1.2,253.1
2017-05-22,19.8,12.2,507.0,29.9,1421.0,0.0,7.6,1743.0,1.0,312.2
2017-05-23,18.3,13.3,219.0,25.4,1125.0,3.0,6.3,1204.0,1.0,309.4
2017-05-24,20.5,14.3,2345.0,29.5,1549.0,0.0,7.5,1443.0,1.2,320.6
2017-05-25,18.4,11.7,405.0,27.2,1318.0,0.0,10.2,1349.0,2.5,320.6
2017-05-26,16.6,6.9,600.0,26.4,1459.0,0.0,8.4,1014.0,1.4,331.9
2017-05-27,17.8,10.0,527.0,28.3,1407.0,0.0,6.7,1430.0,1.2,267.2
2017-05-28,20.1,10.1,222.0,28.8,1405.0,0.0,6.9,1242.0,1.6,210.9
2017-05-29,21.6,15.5,511.0,30.4,1332.0,0.0,6.7,1354.0,1.4,323.4
2017-05-30,22.0,15.2,2342.0,31.9,1529.0,0.0,6.0,1344.0,1.4,286.9
2017-05-31,21.9,13.5,222.0,30.4,1451.0,0.0,6.1,1643.0,1.1,345.9
2017-06-01,22.8,16.1,0.0,29.8,1219.0,0.0,10.5,1852.0,2.2,323.4
2017-06-02,20.0,10.8,602.0,28.4,1416.0,0.0,9.2,1520.0,1.9,345.9
2017-06-03,19.8,12.3,538.0,29.3,1450.0,0.0,8.5,1504.0,1.6,320.6
2017-06-04,19.8,9.9,537.0,31.1,1357.0,0.0,8.6,1306.0,1.5,312.2
2017-06-05,22.0,11.6,509.0,32.5,1600.0,0.0,5.8,1328.0,1.0,320.6
2017-06-06,18.8,13.8,2054.0,23.3,1248.0,11.5,6.9,146.0,1.7,151.9
2017-06-07,17.0,14.8,1.0,19.4,1626.0,10.0,7.5,1755.0,1.5,343.1
2017-06-08,19.1,12.5,445.0,27.1,1323.0,0.0,6.9,1444.0,1.5,278.4
2017-06-09,20.5,15.4,125.0,27.0,1326.0,0.0,8.2,1446.0,2.4,230.6
2017-06-10,20.0,13.1,2354.0,29.0,1525.0,3.5,6.0,1212.0,1.2,334.7
2017-06-11,21.2,9.5,529.0,31.2,1525.0,0.0,7.6,1359.0,1.1,331.9
2017-06-12,20.9,12.9,510.0,30.2,1451.0,0.0,7.1,949.0,1.2,163.1
2017-06-13,20.6,15.3,443.0,28.0,1257.0,0.0,7.8,1604.0,1.4,267.2
2017-06-14,20.9,15.2,423.0,28.9,1315.0,0.0,6.8,1833.0,1.4,255.9
2017-06-15,22.2,14.3,437.0,31.3,1401.0,0.0,6.5,1624.0,1.3,253.1
2017-06-16,23.9,16.3,339.0,33.8,1429.0,0.0,7.1,1515.0,1.4,309.4
2017-06-17,22.8,16.7,0.0,30.9,1430.0,0.0,6.5,1619.0,1.4,320.6
2017-06-18,22.5,14.1,519.0,33.5,1355.0,0.0,6.6,1422.0,1.1,298.1
2017-06-19,22.6,14.9,511.0,31.4,1609.0,0.0,5.7,1401.0,0.8,331.9
2017-06-20,24.4,15.2,458.0,33.3,1240.0,0.0,5.6,1559.0,1.1,230.6
2017-06-21,24.3,18.8,2352.0,33.6,1318.0,0.0,7.2,1452.0,1.4,253.1
2017-06-22,24.7,18.4,4.0,32.4,1327.0,0.0,6.8,1532.0,1.4,331.9
2017-06-23,24.8,17.4,519.0,35.9,1426.0,0.0,6.9,1708.0,1.0,286.9
2017-06-24,22.6,19.0,534.0,27.9,1107.0,1.0,6.4,1556.0,0.5,323.4
2017-06-25,21.8,18.3,456.0,30.1,1338.0,5.5,6.3,1833.0,0.7,343.1
2017-06-26,21.9,19.0,1.0,30.6,1447.0,4.5,7.4,1655.0,0.7,185.6
2017-06-27,24.3,18.5,317.0,31.8,1555.0,0.0,5.6,41.0,1.1,151.9
2017-06-28,25.1,20.3,157.0,32.3,1453.0,0.0,6.1,1417.0,1.1,323.4
2017-06-29,24.6,18.8,556.0,33.8,1344.0,0.0,5.9,1635.0,1.0,289.7
2017-06-30,25.2,19.4,341.0,33.3,1403.0,0.0,5.8,1355.0,1.1,255.9
2017-07-01,24.7,20.0,320.0,32.1,1456.0,0.5,5.8,1837.0,1.0,233.4
2017-07-02,23.7,21.3,2141.0,26.9,1434.0,80.5,11.6,2020.0,1.3,219.4
2017-07-03,25.1,21.4,11.0,30.7,1245.0,51.5,8.2,321.0,2.0,230.6
2017-07-04,,,,,,0.5,5.9,1336.0,1.2,320.6
2017-07-05,,,,,,0.0,5.2,1732.0,0.9,320.6
2017-07-06,,,,,,0.0,9.1,1824.0,0.9,140.6
2017-07-07,25.6,23.0,203.0,28.0,1408.0,23.0,7.4,1821.0,1.7,233.4
2017-07-08,25.5,24.0,2240.0,28.4,1429.0,5.0,7.6,403.0,2.2,185.6
2017-07-09,25.2,23.3,2152.0,31.1,1339.0,77.0,4.7,25.0,1.0,174.4
2017-07-10,23.8,22.2,2216.0,25.5,1025.0,128.0,8.8,1241.0,1.8,199.7
2017-07-11,25.9,22.1,221.0,31.7,1547.0,1.5,4.7,1626.0,0.9,300.9
2017-07-12,26.4,21.8,2344.0,31.6,1527.0,1.0,5.9,1626.0,1.2,323.4
2017-07-13,26.3,20.8,419.0,33.2,1427.0,0.0,5.9,1349.0,0.8,331.9
2017-07-14,27.4,23.3,4.0,33.6,1203.0,2.0,8.8,1609.0,1.2,244.7
2017-07-15,24.2,22.4,648.0,27.1,1037.0,49.5,7.2,1424.0,1.1,230.6
2017-07-16,25.4,22.7,333.0,29.1,1138.0,17.0,5.0,1617.0,0.7,275.6
2017-07-17,25.6,23.1,2348.0,29.2,1247.0,4.5,4.9,1244.0,1.0,320.6
2017-07-18,25.8,22.9,37.0,31.7,1535.0,2.5,4.9,47.0,0.8,185.6
2017-07-19,27.1,23.1,202.0,33.9,1403.0,0.0,5.3,1640.0,0.7,331.9
2017-07-20,28.1,23.2,500.0,34.3,1509.0,0.0,7.8,1605.0,1.0,331.9
2017-07-21,28.7,25.9,448.0,32.8,1621.0,0.0,5.2,1423.0,1.3,289.7
2017-07-22,28.0,25.9,2329.0,32.7,1519.0,1.0,4.4,1224.0,1.1,264.4
2017-07-23,26.2,24.5,2343.0,29.2,1642.0,149.5,5.4,554.0,1.4,185.6
2017-07-24,25.0,24.0,1341.0,26.8,1615.0,5.5,3.1,1625.0,0.2,174.4
2017-07-25,27.7,22.6,518.0,34.4,1352.0,0.0,4.5,1056.0,0.7,73.1
2017-07-26,27.2,22.7,423.0,32.5,1315.0,0.0,6.0,1205.0,0.9,165.9
2017-07-27,25.2,22.6,543.0,28.8,1433.0,2.5,5.2,619.0,0.6,109.7
2017-07-28,25.0,22.8,424.0,27.3,1659.0,6.5,3.9,1134.0,0.5,143.4
2017-07-29,26.5,23.6,119.0,30.4,1529.0,0.0,5.2,1620.0,0.7,165.9
2017-07-30,26.8,23.8,2351.0,32.3,1419.0,0.0,5.8,253.0,1.4,154.7
2017-07-31,24.6,23.4,2321.0,26.7,1414.0,1.5,5.2,1617.0,0.4,185.6
2017-08-01,27.8,23.1,533.0,33.5,1501.0,1.0,4.4,1344.0,0.5,286.9
2017-08-02,28.4,24.2,521.0,32.9,1607.0,0.0,4.0,1412.0,0.4,334.7
2017-08-03,29.0,25.5,149.0,33.9,1446.0,0.0,5.5,1105.0,1.3,163.1
2017-08-04,29.1,25.6,603.0,35.2,1457.0,0.0,7.6,440.0,1.5,154.7
2017-08-05,28.9,24.5,525.0,34.6,1137.0,7.0,9.7,1404.0,0.7,345.9
2017-08-06,28.1,25.5,233.0,33.3,1658.0,8.5,5.9,1048.0,0.7,188.4
2017-08-07,27.4,23.6,2359.0,33.8,1437.0,0.0,6.2,1613.0,1.1,320.6
2017-08-08,26.5,23.1,100.0,30.8,1436.0,0.0,5.8,1343.0,0.8,286.9
2017-08-09,26.6,22.7,555.0,32.0,1551.0,0.0,4.6,1557.0,0.7,118.1
2017-08-10,24.4,23.4,602.0,26.6,1601.0,3.0,3.6,1554.0,0.3,118.1
2017-08-11,25.7,21.8,2331.0,33.3,1641.0,1.5,5.2,1727.0,0.5,208.1
2017-08-12,25.5,20.4,544.0,32.5,1324.0,0.0,3.4,1053.0,0.5,120.9
2017-08-13,25.2,21.9,2324.0,28.0,1159.0,0.0,5.4,2136.0,0.8,87.2
2017-08-14,23.8,21.3,2157.0,26.9,1202.0,3.5,5.2,1627.0,0.8,129.4
2017-08-15,21.7,20.9,557.0,23.7,102.0,83.5,7.0,802.0,0.7,106.9
2017-08-16,23.0,20.6,325.0,25.9,1629.0,8.0,4.6,26.0,0.7,174.4
2017-08-17,24.3,20.8,539.0,29.5,1339.0,0.0,4.5,228.0,0.6,154.7
2017-08-18,25.3,22.5,2340.0,29.9,1450.0,0.0,4.3,1319.0,0.5,334.7
2017-08-19,24.8,21.4,548.0,28.1,1430.0,0.0,4.3,1034.0,0.3,163.1
2017-08-20,23.2,21.8,109.0,24.9,1732.0,86.0,19.6,2001.0,1.6,129.4
2017-08-21,25.3,23.3,513.0,29.2,1649.0,1.5,8.4,949.0,2.3,185.6
2017-08-22,25.8,21.6,539.0,32.4,1403.0,0.0,5.2,1507.0,0.9,312.2
2017-08-23,26.1,22.0,122.0,30.5,1617.0,34.0,8.5,1440.0,1.6,244.7
2017-08-24,25.8,21.9,2353.0,28.5,1028.0,25.5,11.4,1205.0,2.6,230.6
2017-08-25,,,,,,0.0,,,,
2017-08-26,22.1,15.2,649.0,29.5,1350.0,0.0,6.6,1521.0,0.8,357.2
2017-08-27,20.4,15.1,504.0,26.2,1434.0,0.0,3.4,1058.0,0.2,143.4
2017-08-28,20.0,17.1,1822.0,25.9,1304.0,10.5,5.6,2127.0,0.6,343.1
2017-08-29,18.4,14.0,2353.0,24.5,1553.0,0.0,7.0,1611.0,1.4,312.2
2017-08-30,18.0,13.3,411.0,24.4,1544.0,0.0,3.8,1531.0,0.4,309.4
2017-08-31,20.7,14.9,531.0,27.9,1501.0,0.0,6.7,1351.0,0.8,345.9
2017-09-01,21.0,13.7,619.0,29.0,1451.0,0.0,5.6,1647.0,0.6,334.7
2017-09-02,21.4,14.9,611.0,29.1,1535.0,0.0,4.4,1638.0,0.4,331.9
2017-09-03,22.1,16.4,603.0,28.9,1518.0,0.0,4.8,1028.0,0.4,163.1
2017-09-04,22.1,16.5,508.0,29.4,1306.0,0.0,3.9,1007.0,0.3,199.7
2017-09-05,20.1,17.3,551.0,23.7,1255.0,0.0,4.1,1548.0,0.2,174.4
2017-09-06,19.1,15.9,2356.0,24.1,1133.0,1.0,2.7,1839.0,0.1,28.1
2017-09-07,20.8,15.4,402.0,27.1,1520.0,0.0,3.8,1900.0,0.5,289.7
2017-09-08,22.9,18.6,609.0,30.7,1455.0,0.0,5.5,1659.0,0.6,312.2
2017-09-09,21.9,16.8,547.0,29.1,1516.0,0.0,5.0,1518.0,0.6,343.1
2017-09-10,21.2,17.4,507.0,25.5,1415.0,0.0,3.5,1258.0,0.2,151.9
2017-09-11,20.0,16.6,2346.0,25.2,1616.0,28.5,4.7,1747.0,0.6,300.9
2017-09-12,20.6,14.3,2343.0,28.0,1401.0,0.0,7.4,1409.0,1.1,312.2
2017-09-13,18.8,11.8,616.0,27.1,1321.0,0.0,6.5,1527.0,0.7,320.6
2017-09-14,19.5,10.9,546.0,28.5,1521.0,0.0,5.3,1449.0,0.7,334.7
2017-09-15,21.0,14.5,329.0,27.7,1518.0,0.0,6.0,1113.0,0.8,151.9
2017-09-16,20.4,13.2,458.0,27.2,1455.0,0.0,6.9,1337.0,0.9,151.9
2017-09-17,21.3,16.6,2350.0,28.8,1408.0,0.0,6.5,1703.0,1.2,5.6
2017-09-18,19.9,13.2,559.0,27.9,1416.0,0.0,6.4,1504.0,0.9,275.6
2017-09-19,21.6,17.1,24.0,26.1,1400.0,2.5,8.4,1803.0,1.9,233.4
2017-09-20,17.6,10.2,656.0,25.0,1448.0,0.0,6.5,1133.0,1.3,334.7
2017-09-21,18.1,11.8,625.0,26.1,1457.0,0.0,4.8,1511.0,0.5,320.6
2017-09-22,18.4,11.6,606.0,26.6,1323.0,0.0,6.5,1146.0,0.8,196.9
2017-09-23,20.4,14.2,125.0,28.0,1432.0,0.0,5.2,1608.0,1.1,264.4
2017-09-24,21.0,15.5,147.0,28.3,1416.0,0.0,7.8,2006.0,0.9,331.9
2017-09-25,21.2,14.2,646.0,28.7,1230.0,0.0,3.5,1354.0,0.4,210.9
2017-09-26,22.3,15.6,632.0,30.2,1351.0,0.0,4.8,1036.0,0.6,165.9
2017-09-27,21.0,17.7,2348.0,26.6,1431.0,0.5,5.1,1351.0,0.7,312.2
2017-09-28,17.6,10.2,2342.0,25.0,1305.0,0.0,9.0,1938.0,1.8,320.6
2017-09-29,15.0,6.3,614.0,23.0,1228.0,0.0,7.3,1520.0,1.3,264.4
2017-09-30,18.7,13.9,443.0,25.7,1413.0,0.0,6.5,1404.0,1.5,253.1
2017-10-01,17.5,14.6,237.0,20.7,1203.0,3.0,5.3,1551.0,0.7,154.7
2017-10-02,20.4,15.6,9.0,28.5,1507.0,1.0,5.4,1606.0,1.0,357.2
2017-10-03,15.5,9.4,655.0,23.6,1417.0,0.0,7.5,1755.0,1.4,320.6
2017-10-04,14.3,6.6,656.0,23.0,1329.0,0.0,5.6,1552.0,0.9,343.1
2017-10-05,16.6,10.3,108.0,22.2,1345.0,0.0,7.0,1058.0,1.0,163.1
2017-10-06,17.8,13.2,609.0,24.4,1133.0,0.0,6.2,1112.0,0.7,185.6
2017-10-07,20.1,15.7,254.0,28.2,1503.0,0.0,3.9,1427.0,0.5,208.1
2017-10-08,20.9,16.2,706.0,27.2,1525.0,0.0,4.8,1218.0,0.8,219.4
2017-10-09,20.5,16.6,2359.0,26.3,1539.0,0.0,4.1,1630.0,0.7,309.4
2017-10-10,20.4,15.8,415.0,25.0,1322.0,5.5,4.9,1222.0,0.9,219.4
2017-10-11,14.5,10.5,2358.0,20.8,1.0,13.5,7.1,1643.0,1.8,343.1
2017-10-12,10.0,5.3,2315.0,14.7,1408.0,0.0,4.8,952.0,0.9,320.6
2017-10-13,10.0,2.0,649.0,19.1,1535.0,0.0,5.2,1351.0,0.8,331.9
2017-10-14,11.9,4.6,626.0,20.4,1455.0,0.0,9.6,1424.0,0.9,331.9
2017-10-15,12.9,4.5,610.0,21.8,1445.0,0.0,3.4,1252.0,0.6,87.2
2017-10-16,14.4,9.4,2357.0,21.4,1401.0,0.0,5.9,1454.0,0.9,320.6
2017-10-17,12.5,4.3,644.0,22.3,1353.0,0.0,3.4,1240.0,0.4,16.9
2017-10-18,15.4,9.2,30.0,20.1,1136.0,0.0,6.1,1131.0,0.8,146.3
2017-10-19,14.4,8.9,648.0,23.2,1440.0,0.0,4.3,1311.0,0.5,11.3
2017-10-20,14.0,7.5,651.0,23.1,1426.0,0.0,4.7,1408.0,0.6,329.1
2017-10-21,14.8,7.3,647.0,24.4,1424.0,0.0,5.1,1440.0,0.8,334.7
2017-10-22,14.3,6.7,702.0,22.8,1205.0,0.0,7.2,1404.0,1.0,14.1
2017-10-23,10.8,4.6,702.0,19.2,1405.0,0.0,4.5,1406.0,0.7,323.4
2017-10-24,11.8,6.1,609.0,20.8,1349.0,0.0,6.0,1430.0,0.5,340.3
2017-10-25,12.0,6.3,725.0,20.7,1356.0,0.0,7.7,1255.0,0.6,312.2
2017-10-26,12.6,7.5,235.0,18.2,1321.0,0.0,3.4,1454.0,0.4,2.8
2017-10-27,13.8,8.4,726.0,23.0,1450.0,0.0,3.8,1346.0,0.5,334.7
2017-10-28,13.8,6.4,659.0,23.8,1412.0,0.0,5.0,1609.0,0.6,329.1
2017-10-29,10.0,2.7,2359.0,18.2,1239.0,0.0,10.3,1607.0,2.2,345.9
2017-10-30,5.0,-1.7,700.0,13.5,1403.0,0.0,7.3,1257.0,1.1,334.7
2017-10-31,8.1,-1.1,631.0,17.3,1348.0,0.0,6.2,1414.0,0.9,340.3
2017-11-01,13.8,9.7,19.0,20.7,1328.0,0.0,6.6,1257.0,1.5,230.6
2017-11-02,14.9,12.6,145.0,19.3,1323.0,0.0,7.0,1930.0,1.2,323.4
2017-11-03,11.6,4.1,2343.0,17.4,1315.0,2.0,9.1,1625.0,2.3,320.6
2017-11-04,6.1,0.1,2358.0,13.6,1324.0,0.0,6.1,1445.0,1.1,348.8
2017-11-05,6.6,-1.3,340.0,15.6,1329.0,0.0,5.1,1248.0,0.6,326.3
2017-11-06,10.4,3.8,24.0,17.4,1322.0,0.0,4.9,1946.0,0.8,120.9
2017-11-07,13.7,6.1,3.0,19.1,1421.0,0.0,4.6,1349.0,0.8,202.5
2017-11-08,12.1,3.3,2359.0,18.5,1324.0,0.0,8.7,1354.0,1.8,337.5
2017-11-09,6.8,-0.5,526.0,16.4,1434.0,0.0,3.8,1215.0,0.5,334.7
2017-11-10,8.8,3.2,114.0,16.9,1238.0,5.0,10.6,2136.0,2.2,337.5
2017-11-11,4.4,-0.6,2328.0,11.0,1412.0,0.0,6.6,50.0,1.3,337.5
2017-11-12,3.3,-3.1,555.0,12.1,1338.0,0.0,5.0,1427.0,0.6,0.0
2017-11-13,7.7,0.2,218.0,12.7,1301.0,0.5,8.3,1846.0,1.4,213.8
2017-11-14,5.8,-0.4,0.0,12.1,1156.0,0.0,8.5,1123.0,1.6,340.3
2017-11-15,2.1,-2.9,2358.0,7.4,1330.0,0.0,10.6,1206.0,2.1,357.2
2017-11-16,-0.8,-6.5,640.0,6.4,1444.0,0.0,4.9,1357.0,0.6,340.3
2017-11-17,1.9,-4.7,344.0,7.1,1546.0,0.0,5.8,2255.0,0.9,340.3
2017-11-18,-2.1,-5.4,2357.0,2.2,4.0,0.0,8.7,1215.0,3.3,331.9
2017-11-19,-2.6,-9.9,608.0,4.0,1427.0,0.0,7.8,1602.0,1.3,343.1
2017-11-20,-2.3,-7.0,546.0,4.4,1125.0,0.0,5.3,1359.0,0.6,306.6
2017-11-21,-0.2,-7.7,614.0,7.7,1445.0,0.0,3.9,1309.0,0.6,326.3
2017-11-22,4.6,-2.1,2356.0,12.3,1317.0,0.0,9.6,1340.0,2.3,289.7
2017-11-23,-0.1,-5.3,454.0,6.1,1504.0,1.5,8.9,1123.0,1.5,0.0
2017-11-24,-2.0,-5.2,2351.0,3.6,1352.0,0.0,8.5,1353.0,1.2,320.6
2017-11-25,3.0,-5.6,138.0,6.8,1225.0,9.5,8.1,1531.0,1.7,208.1
2017-11-26,1.3,-3.4,2324.0,7.8,1442.0,0.0,7.2,1216.0,1.2,357.2
2017-11-27,0.0,-6.3,657.0,8.6,1431.0,0.0,4.3,44.0,0.5,33.8
2017-11-28,4.7,-2.8,53.0,11.3,1234.0,0.0,5.2,1305.0,0.7,331.9
2017-11-29,2.4,-2.2,2355.0,6.7,246.0,0.0,6.7,1339.0,2.2,289.7
2017-11-30,-3.0,-6.9,645.0,3.3,1342.0,0.0,8.9,1400.0,2.3,331.9
2017-12-01,-4.0,-10.9,710.0,3.6,1403.0,0.0,6.2,1457.0,0.8,326.3
2017-12-02,0.9,-7.3,801.0,7.8,1442.0,0.0,4.7,1124.0,1.0,250.3
2017-12-03,5.0,2.1,2355.0,9.6,1305.0,3.0,6.6,53.0,1.3,165.9
2017-12-04,-1.6,-6.5,0.0,2.7,15.0,0.0,11.8,1500.0,2.9,329.1
2017-12-05,-4.4,-10.0,802.0,0.0,1403.0,0.0,8.3,1515.0,1.7,317.8
2017-12-06,-0.1,-6.4,646.0,5.9,1338.0,2.0,6.7,1703.0,1.5,337.5
2017-12-07,-0.3,-4.5,2316.0,4.1,1347.0,0.0,7.1,1359.0,1.5,331.9
2017-12-08,-4.7,-8.2,814.0,-0.2,1359.0,0.0,6.6,1510.0,1.4,334.7
2017-12-09,-1.9,-7.7,728.0,5.0,1445.0,0.0,4.2,1456.0,0.5,270.0
2017-12-10,1.4,-2.9,2359.0,8.5,1415.0,5.0,12.2,1646.0,2.3,345.9
2017-12-11,-7.4,-12.5,2334.0,-2.9,1.0,0.0,11.5,108.0,3.0,334.7
2017-12-12,-10.1,-14.8,508.0,-5.0,1356.0,0.0,6.5,926.0,1.4,334.7
2017-12-13,-10.1,-15.4,732.0,-4.0,1525.0,0.0,5.4,1533.0,1.0,329.1
2017-12-14,-8.3,-14.4,510.0,-2.0,1513.0,0.0,3.1,1147.0,0.7,303.8
2017-12-15,-4.3,-11.5,537.0,0.9,1455.0,0.0,6.7,2355.0,0.6,345.9
2017-12-16,-5.7,-8.8,818.0,-1.8,1435.0,0.0,8.9,1539.0,2.5,334.7
2017-12-17,-7.3,-13.5,803.0,-1.7,1356.0,0.0,6.5,29.0,1.4,345.9
2017-12-18,-0.8,-7.5,10.0,3.6,1901.0,0.0,5.7,351.0,1.4,180.0
2017-12-19,-5.0,-10.1,2355.0,-0.8,1423.0,0.0,7.6,1341.0,1.7,337.5
2017-12-20,-4.1,-12.1,334.0,1.4,1410.0,4.5,7.5,1218.0,1.0,177.2
2017-12-21,-3.5,-10.0,800.0,3.1,1434.0,0.0,3.7,1546.0,0.3,320.6
2017-12-22,3.4,-4.2,3.0,7.1,1309.0,0.0,6.8,2037.0,1.5,208.1
2017-12-23,4.9,2.4,838.0,9.2,1344.0,0.0,4.5,1312.0,1.1,239.1
2017-12-24,2.5,-1.1,2325.0,5.8,51.0,15.5,8.5,1628.0,1.5,8.4
2017-12-25,-2.7,-6.3,700.0,0.5,1450.0,0.0,9.1,147.0,2.1,348.8
2017-12-26,-5.0,-8.4,2359.0,-0.9,1131.0,0.0,11.5,1542.0,2.6,320.6
2017-12-27,-8.1,-13.2,740.0,-3.1,1508.0,0.0,6.7,1432.0,1.1,326.3
2017-12-28,-2.7,-10.3,53.0,0.7,1233.0,0.0,4.1,1329.0,0.7,343.1
2017-12-29,0.9,-3.6,2342.0,6.2,1345.0,0.0,5.6,1500.0,0.6,331.9
2017-12-30,0.3,-4.4,248.0,5.0,1409.0,0.5,4.7,1152.0,0.6,177.2
2017-12-31,-1.1,-5.9,2352.0,3.4,1352.0,0.5,8.4,1355.0,1.6,315.0
2018-01-01,-3.3,-8.8,731.0,4.4,1353.0,0.0,5.7,1609.0,0.6,292.5
2018-01-02,-3.2,-7.4,800.0,2.5,1329.0,0.0,8.7,1351.0,1.5,326.3
2018-01-03,-5.8,-10.9,752.0,-0.5,1423.0,0.0,5.9,1349.0,1.3,340.3
2018-01-04,-6.1,-11.6,717.0,-1.2,1352.0,0.0,3.7,1501.0,0.7,323.4
2018-01-05,-4.5,-8.5,301.0,1.7,1459.0,0.0,5.3,1511.0,0.8,315.0
2018-01-06,-5.2,-11.1,707.0,2.6,1434.0,0.0,5.4,1435.0,0.7,334.7
2018-01-07,-2.7,-9.9,745.0,2.8,1504.0,0.0,3.1,933.0,0.6,244.7
2018-01-08,0.6,-2.0,0.0,4.9,1501.0,0.5,9.9,2134.0,1.3,329.1
2018-01-09,-4.6,-8.1,657.0,-1.0,1339.0,0.0,9.4,39.0,2.3,320.6
2018-01-10,-8.1,-11.1,627.0,-4.5,1219.0,0.0,11.7,1444.0,2.4,326.3
2018-01-11,-11.8,-15.4,0.0,-7.5,1414.0,0.0,7.8,1320.0,2.0,334.7
2018-01-12,-10.9,-18.4,825.0,-6.0,1558.0,0.0,5.9,140.0,0.9,11.3
2018-01-13,-4.5,-7.4,22.0,0.2,1533.0,0.0,4.1,1612.0,0.5,219.4
2018-01-14,0.7,-6.7,639.0,5.9,1516.0,0.0,7.2,1240.0,1.3,177.2
2018-01-15,3.3,-1.5,2351.0,7.9,1404.0,0.0,5.6,532.0,1.1,326.3
2018-01-16,2.2,-3.1,156.0,7.9,1330.0,0.0,3.8,1340.0,0.5,329.1
2018-01-17,2.8,-1.0,747.0,8.9,1419.0,0.0,5.7,1706.0,0.8,261.6
2018-01-18,0.6,-2.3,2353.0,4.5,1354.0,0.0,4.7,1404.0,0.8,326.3
2018-01-19,-0.7,-5.3,734.0,5.8,1506.0,0.0,5.8,1335.0,0.8,320.6
2018-01-20,1.0,-3.8,300.0,7.9,1515.0,0.0,5.9,1526.0,0.9,331.9
2018-01-21,-1.8,-7.6,720.0,5.3,1401.0,0.0,4.0,1434.0,0.6,343.1
2018-01-22,-1.0,-6.5,0.0,4.8,1150.0,3.0,7.2,2302.0,1.2,317.8
2018-01-23,-12.3,-15.3,2348.0,-6.5,1.0,0.0,9.5,1002.0,3.3,22.5
2018-01-24,-14.4,-17.8,2352.0,-10.2,1442.0,0.0,11.4,1257.0,3.2,16.9
2018-01-25,-14.4,-18.3,703.0,-9.3,1541.0,0.0,8.5,1547.0,2.1,326.3
2018-01-26,-15.6,-18.2,811.0,-11.0,1535.0,0.0,8.1,900.0,2.1,19.7
2018-01-27,-11.4,-18.9,443.0,-4.1,1525.0,0.0,5.0,1429.0,0.9,348.8
2018-01-28,-6.7,-10.7,2350.0,-0.4,1406.0,0.0,10.6,1707.0,1.7,326.3
2018-01-29,-9.5,-14.1,813.0,-4.4,1423.0,0.0,10.3,1520.0,2.0,326.3
2018-01-30,-6.4,-15.3,614.0,-0.4,1411.0,0.5,6.2,1424.0,0.8,227.8
2018-01-31,-3.7,-8.5,2356.0,0.1,1457.0,0.0,3.9,1419.0,0.8,337.5
2018-02-01,-6.1,-13.2,617.0,1.6,1534.0,0.0,6.1,1248.0,0.8,329.1
2018-02-02,-4.4,-12.2,734.0,3.5,1425.0,0.0,5.6,1850.0,0.7,185.6
2018-02-03,-7.5,-11.8,2346.0,-3.3,137.0,0.0,9.0,1321.0,3.1,0.0
2018-02-04,-9.8,-13.3,158.0,-4.6,1535.0,0.0,10.4,1551.0,2.5,331.9
2018-02-05,-10.3,-15.7,607.0,-4.4,1356.0,0.0,10.3,1545.0,2.4,357.2
2018-02-06,-10.5,-15.2,625.0,-4.5,1505.0,0.0,9.2,1301.0,2.5,345.9
2018-02-07,-9.4,-16.9,534.0,-1.7,1503.0,0.0,5.6,1507.0,0.7,326.3
2018-02-08,-6.0,-12.7,646.0,2.2,1530.0,0.0,4.4,1415.0,0.5,351.6
2018-02-09,-0.5,-9.1,229.0,7.0,1517.0,0.0,5.6,1639.0,0.8,278.4
2018-02-10,-1.0,-8.7,2355.0,4.2,1140.0,0.0,10.9,1645.0,2.7,334.7
2018-02-11,-6.7,-12.2,716.0,-1.2,1437.0,0.0,10.5,1335.0,1.7,331.9
2018-02-12,-6.5,-13.3,721.0,-0.3,1410.0,0.0,8.7,1517.0,1.8,354.4
2018-02-13,-1.6,-11.4,626.0,5.9,1427.0,0.0,9.6,1501.0,1.9,233.4
2018-02-14,3.7,-1.1,2352.0,9.6,1456.0,0.0,8.9,1157.0,2.7,230.6
2018-02-15,-1.6,-5.5,0.0,4.7,1415.0,0.0,6.7,1131.0,1.7,326.3
2018-02-16,-2.1,-9.2,740.0,5.6,1408.0,0.0,8.2,1529.0,1.3,326.3
2018-02-17,-3.2,-8.5,727.0,2.4,1510.0,0.0,9.3,1559.0,2.1,340.3
2018-02-18,-1.1,-6.8,712.0,6.4,1459.0,0.0,6.2,1516.0,0.9,329.1
2018-02-19,0.3,-4.7,343.0,7.1,1515.0,0.0,5.2,834.0,0.8,73.1
2018-02-20,0.0,-5.8,602.0,6.7,1345.0,0.0,8.9,1636.0,1.7,334.7
2018-02-21,-1.7,-8.4,728.0,5.3,1433.0,0.0,8.0,1518.0,1.5,340.3
2018-02-22,1.1,-6.2,730.0,7.0,1417.0,0.0,10.5,1428.0,2.1,272.8
2018-02-23,3.8,-2.3,749.0,9.2,1501.0,5.0,7.7,1803.0,1.6,236.3
2018-02-24,1.2,-3.8,2346.0,7.7,1429.0,0.0,5.8,1501.0,1.3,326.3
2018-02-25,0.4,-5.1,728.0,8.2,1449.0,0.0,5.9,1503.0,1.0,337.5
2018-02-26,1.1,-6.3,721.0,10.5,1521.0,0.0,6.0,1055.0,0.7,188.4
2018-02-27,3.0,-3.2,503.0,6.9,1403.0,0.0,3.9,1033.0,0.5,205.3
2018-02-28,3.3,0.6,2247.0,9.6,1214.0,13.0,6.2,1225.0,0.8,157.5
2018-03-01,-0.2,-4.3,2357.0,3.4,528.0,0.5,12.2,1612.0,3.8,331.9
2018-03-02,-1.6,-9.0,703.0,5.1,1601.0,0.0,5.7,14.0,1.0,2.8
2018-03-03,7.4,-2.3,643.0,16.6,1548.0,0.0,6.1,1018.0,1.2,191.3
2018-03-04,9.4,6.8,52.0,12.5,1418.0,12.0,7.4,2312.0,0.8,53.4
2018-03-05,4.8,-1.3,2357.0,11.2,1514.0,4.5,9.9,1217.0,1.9,56.3
2018-03-06,3.0,-3.9,619.0,10.9,1430.0,0.0,7.0,1536.0,1.1,326.3
2018-03-07,5.9,-1.9,135.0,11.3,1453.0,1.5,6.9,847.0,1.1,143.4
2018-03-08,4.4,1.4,2302.0,10.3,1533.0,4.5,8.2,1626.0,1.6,337.5
2018-03-09,3.5,-1.2,2346.0,11.1,1410.0,0.0,6.2,1644.0,1.0,298.1
2018-03-10,4.0,-2.0,429.0,10.4,1427.0,0.0,7.6,1403.0,1.3,331.9
2018-03-11,5.2,-0.2,2356.0,13.1,1435.0,0.0,6.4,1448.0,1.0,326.3
2018-03-12,6.4,-1.3,212.0,16.2,1417.0,0.0,7.1,1502.0,0.9,264.4
2018-03-13,12.7,1.3,144.0,19.3,1311.0,0.0,7.6,1624.0,2.2,281.3
2018-03-14,16.8,13.2,1.0,23.8,1413.0,0.0,8.6,1535.0,2.2,253.1
2018-03-15,11.7,7.4,2359.0,16.3,202.0,19.0,6.7,2159.0,1.8,2.8
2018-03-16,6.7,1.3,2352.0,12.9,1429.0,0.0,6.7,1420.0,1.3,182.8
2018-03-17,6.3,-1.3,652.0,14.2,1457.0,0.0,5.3,1507.0,1.1,281.3
2018-03-18,7.1,3.3,48.0,12.1,1507.0,0.5,5.4,1644.0,0.8,0.0
2018-03-19,7.9,5.4,207.0,10.9,1158.0,1.0,7.4,1456.0,1.1,112.5
2018-03-20,5.2,2.1,2357.0,11.0,1140.0,0.0,8.2,1252.0,1.9,106.9
2018-03-21,2.1,0.8,1417.0,7.7,1151.0,1.0,7.4,1300.0,1.3,59.1
2018-03-22,4.2,-1.2,557.0,12.8,1419.0,0.0,6.6,1653.0,1.3,317.8
2018-03-23,5.3,-1.2,241.0,13.8,1514.0,0.0,6.0,1320.0,1.0,323.4
2018-03-24,7.3,1.2,643.0,14.0,1338.0,0.0,7.3,1326.0,1.3,331.9
2018-03-25,9.0,3.8,2330.0,17.8,1433.0,0.0,6.0,1439.0,1.1,298.1
2018-03-26,9.9,4.5,1.0,19.7,1454.0,0.0,5.5,1433.0,1.0,323.4
2018-03-27,12.4,3.5,403.0,21.2,1415.0,0.0,6.0,1453.0,1.4,292.5
2018-03-28,13.4,8.0,632.0,20.6,1357.0,0.0,7.5,1544.0,1.8,292.5
2018-03-29,14.2,8.3,2342.0,22.1,1526.0,0.0,5.6,1554.0,1.1,323.4
2018-03-30,13.3,5.8,455.0,23.0,1402.0,0.0,7.2,1004.0,1.4,199.7
2018-03-31,12.7,6.4,511.0,20.7,1232.0,0.0,6.9,1247.0,1.2,225.0
2018-04-01,14.9,8.6,40.0,19.9,1135.0,0.0,6.1,1540.0,1.4,258.8
2018-04-02,18.4,14.4,2302.0,25.7,1434.0,0.0,7.8,1331.0,1.9,233.4
2018-04-03,17.4,13.9,2144.0,21.8,1343.0,0.0,6.5,1345.0,1.9,202.5
2018-04-04,12.3,8.2,2359.0,19.7,1544.0,16.0,8.5,411.0,1.5,351.6
2018-04-05,8.2,7.1,40.0,9.9,355.0,8.0,6.6,425.0,1.0,160.3
2018-04-06,6.1,3.1,2358.0,9.9,1207.0,7.0,12.1,1459.0,3.0,323.4
2018-04-07,4.8,2.0,605.0,10.5,1416.0,0.0,12.7,1720.0,4.1,334.7
2018-04-08,3.5,-2.3,458.0,8.3,1344.0,3.0,6.7,943.0,0.9,244.7
2018-04-09,6.9,-0.8,620.0,16.2,1630.0,0.0,4.9,1355.0,0.7,270.0
2018-04-10,16.0,5.8,134.0,23.3,1236.0,3.0,13.9,1712.0,3.9,194.1
2018-04-11,11.9,6.9,2250.0,18.8,1545.0,0.0,8.6,1609.0,2.3,289.7
2018-04-12,12.5,3.2,618.0,21.5,1527.0,0.0,11.6,1240.0,2.0,345.9
2018-04-13,13.6,4.8,613.0,19.7,1213.0,0.0,6.1,1217.0,0.9,163.1
2018-04-14,8.8,6.4,2359.0,14.9,8.0,7.5,6.7,1616.0,1.6,317.8
2018-04-15,8.6,3.3,608.0,14.6,1253.0,0.0,7.8,1519.0,1.4,0.0
2018-04-16,10.2,1.0,625.0,20.4,1602.0,0.0,6.5,1506.0,1.1,326.3
2018-04-17,11.4,3.0,538.0,21.9,1458.0,0.0,6.7,1559.0,1.2,289.7
2018-04-18,10.9,2.2,557.0,20.2,1459.0,0.0,5.4,1234.0,1.0,292.5
2018-04-19,12.5,3.6,626.0,22.0,1426.0,0.0,5.9,1449.0,1.1,264.4
2018-04-20,16.5,7.0,530.0,27.1,1439.0,0.0,5.1,1547.0,0.8,348.8
2018-04-21,17.3,8.2,623.0,26.7,1421.0,0.0,7.6,1357.0,1.1,343.1
2018-04-22,14.7,10.9,137.0,21.0,1344.0,15.0,7.3,2324.0,0.7,101.3
2018-04-23,10.2,9.3,823.0,12.1,111.0,44.5,6.8,22.0,1.4,64.7
2018-04-24,11.8,5.8,2319.0,17.0,1400.0,1.0,6.8,1615.0,1.2,115.3
2018-04-25,13.2,2.5,554.0,24.7,1532.0,0.0,6.2,1630.0,1.1,286.9
2018-04-26,13.9,6.5,531.0,23.6,1351.0,0.0,6.7,1620.0,1.2,323.4
2018-04-27,14.2,6.3,428.0,24.2,1514.0,0.0,5.3,1545.0,1.0,312.2
2018-04-28,14.4,7.8,530.0,23.1,1344.0,0.0,6.9,1332.0,1.2,329.1
2018-04-29,14.8,6.0,531.0,24.0,1411.0,0.0,6.6,1257.0,1.1,320.6
2018-04-30,18.3,10.5,143.0,25.9,1353.0,0.0,6.1,1646.0,1.0,315.0
2018-05-01,19.6,16.3,20.0,23.9,1229.0,0.0,5.6,1340.0,1.1,351.6
2018-05-02,14.2,8.0,2353.0,18.3,2.0,7.5,10.3,2109.0,1.5,334.7
2018-05-03,11.0,4.7,416.0,17.6,1134.0,0.0,10.6,1030.0,2.4,295.3
2018-05-04,13.4,5.5,527.0,20.6,1454.0,0.0,10.0,1501.0,2.3,289.7
2018-05-05,18.0,10.2,331.0,25.9,1418.0,0.0,8.0,1353.0,2.4,241.9
2018-05-06,16.1,13.7,2255.0,21.4,1635.0,21.0,6.2,39.0,0.5,227.8
2018-05-07,17.9,12.3,534.0,27.5,1331.0,0.0,5.3,1418.0,0.8,205.3
2018-05-08,16.6,10.7,2356.0,23.7,1456.0,0.0,5.5,1232.0,1.0,205.3
2018-05-09,14.4,6.0,546.0,23.2,1527.0,0.0,5.9,1510.0,1.0,345.9
2018-05-10,14.7,8.0,558.0,22.4,1353.0,0.0,8.5,1355.0,1.5,331.9
2018-05-11,15.6,11.5,341.0,22.7,1337.0,0.0,4.8,1438.0,1.2,326.3
2018-05-12,13.6,11.1,622.0,15.7,2224.0,23.5,6.0,1740.0,1.0,213.8
2018-05-13,15.3,10.2,2313.0,21.2,1440.0,0.5,6.9,1227.0,1.3,329.1
2018-05-14,17.2,9.9,42.0,25.1,1446.0,0.0,4.7,1746.0,0.8,272.8
2018-05-15,22.1,12.8,540.0,30.2,1439.0,0.0,4.7,1243.0,0.7,208.1
2018-05-16,21.5,20.7,246.0,22.8,757.0,36.0,11.2,929.0,1.6,213.8
2018-05-17,20.5,18.2,458.0,24.0,1215.0,70.5,9.7,307.0,0.9,309.4
2018-05-18,15.8,10.9,2351.0,19.6,1655.0,8.5,5.4,1720.0,0.9,50.6
2018-05-19,17.2,7.7,559.0,25.3,1500.0,0.0,5.8,1515.0,1.1,87.2
2018-05-20,16.2,8.0,538.0,24.0,1602.0,0.0,6.6,1555.0,0.8,75.9
2018-05-21,16.4,7.6,614.0,24.6,1321.0,0.0,7.8,1007.0,1.2,160.3
2018-05-22,16.8,12.2,212.0,23.7,1220.0,14.0,4.8,1428.0,0.7,340.3
2018-05-23,17.0,10.5,2345.0,25.1,1527.0,7.0,9.5,1225.0,1.9,334.7
2018-05-24,17.0,8.1,416.0,25.0,1323.0,0.0,7.9,1214.0,1.5,247.5
2018-05-25,18.4,10.4,550.0,27.9,1246.0,0.0,8.1,1329.0,1.1,323.4
2018-05-26,19.8,10.2,529.0,30.7,1513.0,0.0,6.5,1655.0,0.9,306.6
2018-05-27,18.9,13.5,2342.0,25.7,1353.0,0.0,5.3,1642.0,1.0,317.8
2018-05-28,21.3,12.8,114.0,30.3,1347.0,0.0,7.2,1554.0,1.1,345.9
2018-05-29,20.7,16.0,128.0,27.0,1423.0,1.5,5.8,1517.0,1.0,317.8
2018-05-30,19.2,13.9,2323.0,26.2,1428.0,0.0,6.4,1429.0,1.3,323.4
2018-05-31,20.1,11.3,521.0,29.5,1546.0,0.0,7.1,1618.0,1.1,323.4
2018-06-01,22.3,14.2,504.0,32.4,1418.0,0.0,6.7,1240.0,1.0,337.5
2018-06-02,21.7,13.9,533.0,31.9,1312.0,0.0,7.2,1441.0,1.0,334.7
2018-06-03,22.2,12.8,454.0,31.9,1547.0,0.0,7.9,1617.0,0.8,331.9
2018-06-04,21.5,14.9,400.0,29.3,1304.0,0.0,5.8,1209.0,1.0,312.2
2018-06-05,22.2,14.5,455.0,31.0,1343.0,0.0,5.6,1520.0,1.0,284.1
2018-06-06,21.3,14.9,509.0,29.2,1336.0,0.0,6.6,1431.0,1.0,331.9
2018-06-07,21.1,15.8,156.0,30.3,1511.0,0.0,5.7,1633.0,1.0,331.9
2018-06-08,21.0,16.6,38.0,28.3,1629.0,0.0,5.3,1636.0,1.0,0.0
2018-06-09,22.0,16.2,507.0,30.0,1432.0,3.5,6.1,1132.0,0.8,194.1
2018-06-10,20.0,15.9,517.0,25.4,1604.0,1.0,5.8,1135.0,1.0,171.6
2018-06-11,19.3,15.7,333.0,23.6,1110.0,3.5,5.3,1701.0,0.8,323.4
2018-06-12,20.1,14.9,545.0,28.5,1416.0,0.0,6.4,1422.0,1.0,345.9
2018-06-13,20.9,15.4,210.0,27.3,1309.0,0.0,6.0,1409.0,0.9,185.6
2018-06-14,19.9,18.1,526.0,25.2,1521.0,51.5,6.0,1416.0,0.8,151.9
2018-06-15,20.8,15.9,2353.0,27.7,1406.0,0.5,5.3,10.0,0.9,182.8
2018-06-16,20.9,13.3,519.0,29.2,1631.0,0.0,5.6,1314.0,0.9,208.1
2018-06-17,21.3,15.8,504.0,28.7,1428.0,0.0,5.3,1453.0,0.7,337.5
2018-06-18,23.3,17.1,443.0,31.5,1328.0,0.0,5.7,1520.0,1.0,326.3
2018-06-19,21.1,15.5,527.0,28.2,1323.0,0.0,5.9,1515.0,1.0,306.6
2018-06-20,22.2,16.9,325.0,30.1,1534.0,0.0,6.3,1719.0,1.3,272.8
2018-06-21,22.8,17.2,457.0,29.9,1407.0,0.0,6.7,1520.0,1.3,292.5
2018-06-22,23.4,15.4,434.0,33.7,1339.0,0.0,6.3,1623.0,1.0,326.3
2018-06-23,23.2,17.4,503.0,30.0,1528.0,0.0,6.5,1223.0,1.2,303.8
2018-06-24,24.3,18.3,412.0,32.5,1353.0,0.0,5.2,1306.0,1.0,340.3
2018-06-25,25.1,18.4,537.0,33.5,1413.0,0.0,5.4,1206.0,0.7,284.1
2018-06-26,21.4,19.0,700.0,24.1,1843.0,66.0,10.2,1803.0,2.5,236.3
2018-06-27,21.5,18.9,333.0,25.2,1723.0,1.5,7.3,141.0,1.4,272.8
2018-06-28,22.9,19.0,1653.0,28.9,1205.0,7.0,7.3,1617.0,1.1,348.8
2018-06-29,23.7,19.8,2357.0,29.8,1612.0,0.5,5.2,1453.0,0.9,275.6
2018-06-30,23.4,18.9,423.0,28.6,1330.0,26.0,5.6,1624.0,0.5,298.1
2018-07-01,21.4,20.7,655.0,22.2,1529.0,59.0,7.9,1423.0,1.6,163.1
2018-07-02,22.9,20.2,431.0,28.1,1549.0,38.0,7.3,729.0,1.9,182.8
2018-07-03,26.5,21.8,525.0,32.8,1400.0,0.0,5.3,1727.0,0.6,351.6
2018-07-04,26.6,21.8,541.0,33.2,1425.0,0.0,6.1,1642.0,1.2,306.6
2018-07-05,25.1,21.7,120.0,30.0,1458.0,0.0,4.8,1541.0,0.8,47.8
2018-07-06,23.6,20.8,422.0,28.6,1417.0,0.0,5.8,1929.0,0.9,182.8
2018-07-07,22.9,17.4,609.0,29.7,1433.0,0.0,4.8,1438.0,1.0,112.5
2018-07-08,22.3,15.6,538.0,28.7,1509.0,0.0,4.9,1124.0,0.9,227.8
2018-07-09,20.6,19.5,529.0,22.9,11.0,16.5,6.7,2235.0,0.8,191.3
2018-07-10,23.7,20.3,1.0,26.6,1239.0,18.0,5.9,501.0,1.7,146.3
2018-07-11,25.9,23.8,36.0,29.7,1439.0,7.0,6.7,1427.0,1.0,241.9
2018-07-12,25.5,22.9,2354.0,29.6,1352.0,1.0,5.8,1257.0,0.9,320.6
2018-07-13,26.2,22.9,12.0,32.2,1514.0,0.0,5.8,1555.0,0.9,329.1
2018-07-14,26.9,22.6,110.0,32.9,1452.0,0.0,6.7,1550.0,1.1,315.0
2018-07-15,27.0,22.1,338.0,33.9,1440.0,0.0,4.9,1750.0,0.9,329.1
2018-07-16,,21.3,527.0,34.1,1519.0,0.0,6.1,1459.0,1.1,351.6
2018-07-17,,,,,,0.0,,,,
2018-07-18,26.4,20.7,502.0,34.1,1418.0,0.0,5.4,1526.0,1.0,345.9
2018-07-19,26.9,20.1,540.0,34.2,1508.0,0.0,5.5,1508.0,1.0,337.5
2018-07-20,27.2,21.3,523.0,35.1,1556.0,0.0,4.8,1333.0,0.8,340.3
2018-07-21,28.3,20.9,534.0,37.5,1457.0,0.0,6.1,1718.0,0.8,323.4
2018-07-22,29.6,21.6,523.0,38.6,1507.0,0.0,5.0,1521.0,0.8,323.4
2018-07-23,30.0,25.6,535.0,36.2,1352.0,0.0,5.7,1554.0,1.0,337.5
2018-07-24,30.0,23.3,545.0,36.8,1402.0,0.0,5.3,1429.0,0.7,323.4
2018-07-25,29.3,25.4,2334.0,34.7,1422.0,0.0,6.0,924.0,1.5,230.6
2018-07-26,29.0,24.9,43.0,36.2,1429.0,0.0,5.6,1525.0,0.8,306.6
2018-07-27,30.1,24.8,523.0,37.1,1451.0,0.0,5.5,1508.0,1.0,329.1
2018-07-28,28.3,25.6,431.0,37.2,1320.0,0.5,5.3,1320.0,0.5,337.5
2018-07-29,30.0,24.2,449.0,37.8,1523.0,0.0,6.4,1641.0,0.9,120.9
2018-07-30,30.1,23.8,616.0,37.1,1454.0,0.0,5.3,1032.0,0.6,5.6
2018-07-31,30.8,26.0,620.0,38.4,1526.0,0.0,5.4,1656.0,0.7,340.3
2018-08-01,32.0,24.2,526.0,40.3,1515.0,0.0,6.2,1642.0,0.7,343.1
2018-08-02,32.1,26.9,515.0,39.6,1445.0,0.0,5.5,1604.0,0.6,255.9
2018-08-03,31.8,27.3,2347.0,38.7,1354.0,0.0,6.4,1405.0,0.9,312.2
2018-08-04,29.8,25.6,445.0,36.7,1453.0,0.0,7.5,1431.0,1.1,275.6
2018-08-05,29.5,25.6,253.0,35.5,1414.0,1.5,7.1,1511.0,1.2,323.4
2018-08-06,29.7,25.9,738.0,35.4,1234.0,32.5,5.1,1356.0,0.6,230.6
2018-08-07,29.7,24.6,558.0,36.4,1507.0,0.0,5.7,1802.0,0.7,292.5
2018-08-08,29.7,25.3,552.0,35.6,1420.0,0.0,6.6,1243.0,0.9,343.1
2018-08-09,27.3,24.9,2324.0,32.1,1458.0,19.0,6.1,1635.0,0.3,320.6
2018-08-10,29.0,24.2,457.0,35.6,1455.0,0.0,6.9,1506.0,0.9,345.9
2018-08-11,29.4,24.1,434.0,36.0,1535.0,0.0,5.6,1338.0,0.7,230.6
2018-08-12,29.7,25.4,608.0,34.7,1524.0,0.0,4.9,843.0,0.6,135.0
2018-08-13,28.8,25.0,453.0,35.1,1257.0,8.5,4.0,1719.0,0.6,351.6
2018-08-14,29.7,24.4,414.0,36.9,1354.0,0.0,6.8,1636.0,1.0,343.1
2018-08-15,29.0,24.1,2201.0,38.4,1431.0,3.0,7.2,1616.0,0.8,323.4
2018-08-16,28.1,22.0,2350.0,34.5,1402.0,0.0,6.0,1157.0,1.1,126.6
2018-08-17,25.8,18.4,625.0,33.2,1544.0,0.0,6.2,758.0,1.2,309.4
2018-08-18,25.1,20.2,423.0,31.8,1505.0,0.0,5.9,1603.0,1.3,2.8
2018-08-19,25.7,20.1,528.0,33.4,1457.0,0.0,4.7,1739.0,0.8,357.2
2018-08-20,27.6,22.5,416.0,32.7,1438.0,0.0,9.8,2328.0,2.0,174.4
2018-08-21,24.9,21.7,2343.0,31.0,1634.0,9.0,10.2,154.0,1.8,188.4
2018-08-22,28.6,20.5,354.0,36.7,1442.0,0.0,7.6,2204.0,1.2,188.4
2018-08-23,28.0,24.1,2354.0,31.9,1152.0,3.0,6.3,329.0,1.2,180.0
2018-08-24,23.5,22.1,2233.0,26.9,1052.0,7.5,5.7,1102.0,1.7,340.3
2018-08-25,24.5,20.4,2350.0,30.4,1326.0,0.0,6.9,1456.0,1.9,289.7
2018-08-26,22.5,18.3,628.0,29.9,1216.0,0.0,6.6,1609.0,0.9,171.6
2018-08-27,22.3,19.3,314.0,26.7,1429.0,31.0,4.9,1036.0,0.6,160.3
2018-08-28,23.1,20.8,549.0,27.6,948.0,168.0,7.8,1910.0,1.1,303.8
2018-08-29,24.8,22.2,1633.0,27.5,1001.0,183.0,8.6,1041.0,2.4,182.8
2018-08-30,24.4,21.4,2316.0,28.4,1136.0,49.5,7.0,152.0,1.0,303.8
2018-08-31,24.4,20.3,2353.0,30.5,1428.0,0.0,5.5,1010.0,0.9,329.1
2018-09-01,23.6,18.5,430.0,30.5,1422.0,0.0,5.2,1041.0,0.7,177.2
2018-09-02,23.7,17.2,626.0,29.5,1307.0,0.0,5.2,2218.0,1.0,157.5
2018-09-03,22.6,20.0,2321.0,25.5,1357.0,16.5,8.2,1624.0,1.2,309.4
2018-09-04,22.6,17.9,2322.0,27.5,1719.0,0.0,9.2,1902.0,1.3,331.9
2018-09-05,22.8,16.6,538.0,29.4,1427.0,0.0,9.7,1524.0,1.7,253.1
2018-09-06,23.4,18.2,310.0,28.2,1324.0,0.0,9.2,2310.0,1.7,210.9
2018-09-07,20.7,15.0,2308.0,27.1,1534.0,0.5,8.5,1428.0,1.9,329.1
2018-09-08,19.8,12.5,458.0,28.1,1516.0,0.0,6.5,1306.0,0.6,320.6
2018-09-09,20.2,11.9,605.0,28.6,1410.0,0.0,4.6,2335.0,0.3,109.7
2018-09-10,21.1,14.6,611.0,29.3,1500.0,0.0,5.2,1021.0,0.4,154.7
2018-09-11,20.2,13.3,523.0,26.6,1307.0,0.0,5.0,1223.0,0.6,160.3
2018-09-12,20.7,13.9,645.0,28.1,1353.0,0.0,5.8,1125.0,0.5,196.9
2018-09-13,21.9,17.5,634.0,28.5,1410.0,0.0,4.8,1518.0,0.4,149.1
2018-09-14,22.4,17.8,305.0,26.9,1329.0,0.0,5.2,1240.0,0.6,171.6
2018-09-15,22.4,20.1,514.0,26.1,1228.0,0.0,3.2,1147.0,0.3,177.2
2018-09-16,21.5,19.9,2012.0,24.5,1209.0,2.0,4.3,1817.0,0.4,309.4
2018-09-17,20.9,16.0,2333.0,28.9,1445.0,0.0,5.5,1458.0,0.8,323.4
2018-09-18,20.2,14.3,527.0,27.4,1441.0,0.0,4.7,1558.0,0.6,345.9
2018-09-19,20.4,16.1,214.0,27.0,1246.0,0.5,3.9,1739.0,0.6,345.9
2018-09-20,18.6,17.2,637.0,20.0,1304.0,3.0,4.7,1319.0,0.7,59.1
2018-09-21,18.8,17.1,524.0,22.8,1355.0,14.0,4.4,1143.0,0.4,0.0
2018-09-22,19.6,13.6,2300.0,26.9,1337.0,2.5,7.1,1428.0,1.0,315.0
2018-09-23,18.5,12.9,240.0,26.0,1525.0,0.0,6.2,1643.0,1.1,306.6
2018-09-24,15.9,10.1,633.0,23.4,1427.0,0.0,7.1,1315.0,1.2,0.0
2018-09-25,16.2,7.6,641.0,25.0,1438.0,0.0,5.0,1418.0,0.3,126.6
2018-09-26,17.4,12.6,603.0,25.1,1429.0,0.0,4.6,1018.0,0.5,78.8
2018-09-27,17.1,9.7,654.0,25.2,1552.0,0.0,4.1,2107.0,0.4,75.9
2018-09-28,16.3,10.6,551.0,22.6,1613.0,0.0,5.2,1525.0,0.6,146.3
2018-09-29,18.6,12.0,631.0,27.2,1411.0,0.0,6.0,952.0,0.7,180.0
2018-09-30,16.6,11.2,2303.0,23.3,1241.0,0.0,8.6,1706.0,1.6,28.1
2018-10-01,14.5,9.5,711.0,21.4,1454.0,0.0,9.4,1139.0,1.6,312.2
2018-10-02,14.4,7.5,539.0,23.3,1336.0,0.0,5.2,1332.0,0.4,281.3
2018-10-03,15.7,8.8,655.0,24.9,1452.0,0.0,5.4,1322.0,0.3,343.1
2018-10-04,18.1,9.6,605.0,25.9,1436.0,0.0,5.2,1308.0,0.4,182.8
2018-10-05,16.6,15.0,741.0,19.0,4.0,32.5,5.2,2231.0,0.7,118.1
2018-10-06,17.5,13.9,2356.0,23.2,1604.0,49.0,9.2,1351.0,1.6,14.1
2018-10-07,15.0,7.7,0.0,22.7,1356.0,0.0,7.9,1514.0,0.8,315.0
2018-10-08,12.7,6.3,513.0,22.1,1404.0,0.0,5.1,1451.0,0.5,14.1
2018-10-09,14.8,8.0,234.0,20.7,1218.0,0.0,9.5,2103.0,1.0,225.0
2018-10-10,11.3,4.8,2356.0,17.4,1325.0,10.0,9.2,1125.0,1.9,348.8
2018-10-11,8.5,2.9,540.0,16.6,1310.0,0.0,9.8,1244.0,1.6,0.0
2018-10-12,8.8,1.9,612.0,17.9,1451.0,0.0,5.8,1036.0,0.5,357.2
2018-10-13,10.5,4.4,530.0,19.8,1423.0,0.0,4.1,1212.0,0.3,317.8
2018-10-14,11.6,4.2,604.0,20.3,1459.0,0.0,4.8,1235.0,0.6,343.1
2018-10-15,13.5,7.8,326.0,21.8,1407.0,0.0,4.7,1530.0,0.6,329.1
2018-10-16,12.3,6.7,525.0,21.3,1339.0,0.0,5.4,1519.0,0.5,343.1
2018-10-17,10.1,4.2,647.0,19.8,1404.0,0.0,5.4,1431.0,0.7,334.7
2018-10-18,10.7,4.3,538.0,19.5,1336.0,0.0,6.0,1337.0,0.8,78.8
2018-10-19,11.6,4.8,726.0,20.9,1505.0,0.0,5.6,1425.0,0.9,317.8
2018-10-20,10.9,3.9,625.0,21.5,1442.0,0.0,4.0,1447.0,0.5,323.4
2018-10-21,11.2,4.5,632.0,21.2,1333.0,0.0,4.9,1432.0,0.5,340.3
2018-10-22,12.2,6.0,657.0,21.2,1209.0,0.0,4.0,1233.0,0.4,180.0
2018-10-23,11.3,7.1,112.0,17.6,1509.0,4.0,7.6,1023.0,0.9,351.6
2018-10-24,10.8,5.5,657.0,19.9,1458.0,0.0,5.5,1416.0,0.7,337.5
2018-10-25,12.1,5.2,713.0,21.6,1425.0,0.0,3.4,1328.0,0.4,230.6
2018-10-26,12.1,8.1,2154.0,15.7,1528.0,14.5,9.1,706.0,1.6,320.6
2018-10-27,7.9,2.5,2349.0,13.5,1342.0,0.0,10.5,1325.0,2.1,343.1
2018-10-28,7.2,2.2,144.0,14.6,1216.0,6.5,12.8,1333.0,1.0,11.3
2018-10-29,6.2,1.6,531.0,14.3,1305.0,0.0,9.9,1509.0,1.4,317.8
2018-10-30,5.5,-2.0,633.0,12.1,1343.0,0.0,6.0,1524.0,0.7,303.8
2018-10-31,5.8,-0.1,722.0,13.0,1359.0,0.0,7.2,1409.0,0.9,331.9
2018-11-01,6.6,-0.5,523.0,15.9,1436.0,0.0,5.2,1347.0,0.6,300.9
2018-11-02,8.7,2.1,618.0,18.8,1447.0,0.0,3.6,1205.0,0.5,331.9
2018-11-03,9.3,2.7,703.0,19.7,1422.0,0.0,4.4,1433.0,0.6,320.6
2018-11-04,9.6,2.7,724.0,19.7,1409.0,0.0,4.9,1323.0,0.7,340.3
2018-11-05,9.9,4.1,649.0,18.2,1428.0,0.0,3.6,1347.0,0.4,315.0
2018-11-06,10.7,6.0,532.0,17.4,1315.0,0.0,3.4,1342.0,0.4,329.1
2018-11-07,12.1,9.9,536.0,16.5,1343.0,2.5,3.0,1503.0,0.4,326.3
2018-11-08,12.7,11.1,349.0,15.3,1935.0,41.0,8.3,1534.0,1.4,191.3
2018-11-09,12.1,10.1,2158.0,16.5,1419.0,0.5,10.3,1043.0,2.6,329.1
2018-11-10,10.8,6.3,2351.0,17.7,1410.0,0.0,5.6,1136.0,0.6,323.4
2018-11-11,6.6,3.0,2357.0,10.6,1418.0,0.0,6.6,1535.0,0.3,357.2
2018-11-12,6.0,-0.1,624.0,14.6,1429.0,0.0,4.4,1423.0,0.3,334.7
2018-11-13,6.8,0.3,637.0,15.6,1344.0,0.0,4.4,1621.0,0.1,312.2
2018-11-14,7.3,1.1,729.0,16.5,1432.0,0.0,3.7,1501.0,0.1,309.4
2018-11-15,8.1,2.1,716.0,16.2,1436.0,0.0,3.7,1413.0,0.2,331.9
2018-11-16,7.4,2.2,2352.0,15.1,1315.0,0.0,6.4,1457.0,0.8,354.4
2018-11-17,3.1,-2.5,712.0,10.8,1250.0,0.0,5.4,1522.0,0.1,345.9
2018-11-18,4.6,-1.8,424.0,11.0,1228.0,0.0,1.9,1327.0,0.0,250.3
2018-11-19,4.5,-0.4,2350.0,12.4,1422.0,0.0,5.5,1538.0,0.1,348.8
2018-11-20,5.3,-2.7,507.0,13.3,1354.0,0.5,6.7,2111.0,0.3,222.2
2018-11-21,5.8,1.2,2358.0,8.4,1205.0,0.5,6.2,1405.0,0.2,16.9
2018-11-22,1.4,-4.2,722.0,8.4,1454.0,0.0,8.6,1621.0,0.8,331.9
2018-11-23,,,,,,0.0,,,,
2018-11-27,,,,,,0.0,,,,
2018-11-29,,,,,,0.0,,,,
2018-11-30,,,,,,0.0,,,,
2018-12-01,,,,,,0.0,,,,
2018-12-02,7.1,-1.1,233.0,13.7,1605.0,0.0,5.3,1112.0,0.5,208.1
2018-12-03,11.9,9.1,28.0,14.1,515.0,4.0,8.2,645.0,1.4,194.1
2018-12-04,6.3,-0.9,2354.0,10.6,1.0,4.5,8.9,1358.0,2.0,331.9
2018-12-05,-0.4,-5.9,725.0,4.8,1346.0,0.0,6.9,1419.0,0.4,334.7
2018-12-06,1.8,-1.6,635.0,7.5,1320.0,0.0,9.9,2320.0,1.5,326.3
2018-12-07,-7.2,-10.2,0.0,-1.5,1.0,0.0,10.2,125.0,3.2,351.6
2018-12-08,-8.4,-12.2,621.0,-3.6,1358.0,0.0,9.9,1406.0,2.1,326.3
2018-12-09,-8.4,-14.7,656.0,-2.0,1430.0,0.0,6.0,1439.0,0.3,331.9
2018-12-10,-3.9,-11.1,449.0,5.1,1457.0,0.0,6.2,1524.0,0.5,334.7
2018-12-11,-0.4,-4.2,44.0,4.3,1232.0,0.0,4.2,1218.0,0.5,326.3
2018-12-12,-2.9,-7.5,658.0,2.5,1401.0,0.0,5.8,1553.0,0.7,2.8
2018-12-13,-2.3,-7.4,2329.0,3.1,1309.0,1.0,11.2,1431.0,1.6,337.5
2018-12-14,-6.2,-11.5,635.0,0.3,1404.0,0.0,4.4,1551.0,0.2,309.4
2018-12-15,-4.3,-11.3,734.0,3.3,1434.0,0.0,4.3,1825.0,0.2,112.5
2018-12-16,-0.1,-5.1,153.0,3.2,1557.0,0.0,5.3,1653.0,0.9,151.9
2018-12-17,0.6,-3.3,2259.0,6.4,1452.0,0.0,4.5,1537.0,0.9,329.1
2018-12-18,1.5,-5.4,347.0,8.4,1247.0,0.0,6.8,1259.0,1.0,253.1
2018-12-19,2.0,-2.6,2346.0,9.0,1459.0,0.0,4.9,1224.0,0.4,334.7
2018-12-20,1.2,-4.0,748.0,9.5,1443.0,0.0,2.2,1422.0,0.0,312.2
2018-12-21,3.7,-2.7,57.0,10.3,1326.0,0.0,2.5,1823.0,0.1,354.4
2018-12-22,4.6,-1.0,756.0,11.3,1437.0,0.0,5.6,1242.0,0.8,329.1
2018-12-23,1.9,-4.3,2343.0,8.3,1329.0,0.0,11.9,1514.0,2.0,348.8
2018-12-24,-4.1,-9.3,744.0,2.9,1349.0,0.0,4.8,1623.0,0.4,334.7
2018-12-25,0.3,-6.8,57.0,6.2,1302.0,0.0,5.3,1152.0,0.9,196.9
2018-12-26,-2.0,-7.5,2359.0,2.0,1322.0,0.0,7.7,1939.0,2.1,343.1
2018-12-27,-9.9,-12.9,2350.0,-6.2,1357.0,0.0,8.9,1522.0,3.1,326.3
2018-12-28,-10.8,-14.5,725.0,-6.2,1449.0,0.0,5.8,1317.0,1.2,337.5
2018-12-29,-7.7,-12.9,728.0,-2.5,1443.0,0.0,9.7,1400.0,1.7,329.1
2018-12-30,-8.9,-15.0,654.0,-1.1,1424.0,0.0,4.2,1558.0,0.4,320.6
2018-12-31,-7.5,-14.0,730.0,-0.2,1433.0,0.0,4.7,1525.0,0.3,244.7
2019-01-01,-6.3,-12.1,713.0,0.7,1525.0,0.0,6.6,1500.0,1.1,348.8
2019-01-02,-6.4,-12.4,747.0,0.6,1458.0,0.0,6.1,1543.0,0.7,317.8
2019-01-03,-5.6,-12.3,801.0,2.9,1456.0,0.0,3.3,1504.0,0.4,272.8
2019-01-04,-2.7,-9.1,641.0,4.4,1446.0,0.0,4.5,1603.0,0.4,286.9
2019-01-05,-4.1,-8.5,2349.0,1.4,1450.0,0.0,6.1,1451.0,0.9,348.8
2019-01-06,-4.3,-9.6,159.0,2.8,1455.0,0.0,4.5,1529.0,0.5,317.8
2019-01-07,-3.6,-9.9,658.0,4.1,1423.0,0.0,5.8,1303.0,0.5,329.1
2019-01-08,-4.7,-9.9,2349.0,1.6,1440.0,0.0,10.8,1858.0,2.1,337.5
2019-01-09,-6.5,-12.6,738.0,0.7,1517.0,0.0,3.3,1416.0,0.5,298.1
2019-01-10,-1.4,-6.9,616.0,4.9,1438.0,0.0,4.9,1440.0,0.5,340.3
2019-01-11,1.3,-2.2,2219.0,7.4,1423.0,0.0,3.7,1352.0,0.2,334.7
2019-01-12,1.1,-4.0,2355.0,8.2,1511.0,0.0,4.7,1640.0,0.3,298.1
2019-01-13,-0.8,-7.0,752.0,7.5,1414.0,0.0,4.8,1428.0,0.3,343.1
2019-01-14,-0.3,-5.4,732.0,5.8,1426.0,0.0,3.1,1602.0,0.2,329.1
2019-01-15,-2.3,-7.9,2344.0,3.6,1450.0,0.0,10.1,1655.0,1.8,337.5
2019-01-16,-5.7,-13.0,747.0,-0.7,1452.0,0.0,6.5,1405.0,0.5,354.4
2019-01-17,-1.5,-5.9,757.0,4.5,1342.0,0.0,8.8,1411.0,0.8,331.9
2019-01-18,-1.6,-8.6,616.0,6.6,1512.0,0.0,5.1,1432.0,0.1,331.9
2019-01-19,2.4,-2.2,312.0,8.9,1309.0,0.0,3.2,913.0,0.0,174.4
2019-01-20,-1.6,-7.6,2330.0,2.6,1330.0,0.0,9.2,1134.0,2.0,315.0
2019-01-21,-2.2,-9.3,618.0,5.3,1613.0,0.0,8.5,1623.0,0.4,306.6
2019-01-22,-0.3,-5.7,621.0,8.9,1315.0,0.0,6.9,1357.0,0.4,292.5
2019-01-23,0.4,-4.3,2354.0,8.0,1450.0,0.0,9.3,1532.0,1.4,340.3
2019-01-24,-2.1,-8.8,801.0,6.3,1508.0,0.0,5.4,1606.0,0.7,345.9
2019-01-25,-2.7,-7.6,709.0,3.5,1316.0,0.0,10.0,1432.0,1.7,331.9
2019-01-26,-3.5,-8.8,753.0,2.6,1437.0,0.0,6.1,1214.0,1.3,312.2
2019-01-27,-1.2,-10.0,716.0,5.7,1440.0,0.0,6.0,1459.0,1.1,300.9
2019-01-28,0.7,-5.5,0.0,5.2,1432.0,0.0,10.9,1107.0,2.3,320.6
2019-01-29,-1.9,-9.0,700.0,6.8,1502.0,0.0,4.9,1153.0,0.2,286.9
2019-01-30,0.5,-5.2,733.0,7.3,1435.0,0.0,6.1,1615.0,0.6,329.1
2019-01-31,-2.5,-8.0,2355.0,1.3,1353.0,0.0,6.8,1523.0,1.8,334.7
2019-02-01,-3.6,-10.8,536.0,4.7,1250.0,0.0,6.8,1259.0,0.7,320.6
2019-02-02,2.2,-5.4,405.0,7.1,1527.0,0.0,8.0,1152.0,1.3,182.8
2019-02-03,3.0,0.9,2350.0,5.5,19.0,16.5,5.5,52.0,0.3,112.5
2019-02-04,-1.3,-5.0,808.0,3.4,1459.0,0.0,7.6,4.0,0.4,323.4
2019-02-05,2.2,-5.7,327.0,10.4,1419.0,0.0,6.4,636.0,0.4,191.3
2019-02-06,4.2,-2.5,248.0,10.1,1337.0,0.0,2.6,1359.0,0.0,329.1
2019-02-07,-2.0,-8.4,2341.0,5.4,1.0,0.0,9.5,941.0,3.1,334.7
2019-02-08,-6.4,-10.5,726.0,-1.8,1516.0,0.0,5.5,1436.0,0.6,354.4
2019-02-09,-5.5,-9.9,804.0,-1.1,1536.0,0.0,7.0,1210.0,1.3,331.9
2019-02-10,-5.5,-11.4,507.0,-1.8,1225.0,0.0,4.1,23.0,0.3,30.9
2019-02-11,,,,,,0.0,,,,
2019-02-12,-1.1,-6.2,43.0,4.4,1449.0,0.0,6.1,1540.0,1.0,343.1
2019-02-13,-3.0,-8.4,714.0,3.1,1424.0,0.0,8.7,1409.0,1.4,326.3
2019-02-14,-1.8,-8.8,722.0,5.9,1359.0,0.0,4.8,1517.0,0.8,317.8
2019-02-15,,,,,,0.0,,,,
2019-02-16,,,,,,0.0,,,,
2019-02-17,-3.2,-10.2,653.0,5.0,1508.0,0.0,6.5,1259.0,1.0,329.1
2019-02-18,-0.4,-8.0,556.0,5.7,1249.0,0.0,3.8,1252.0,0.7,329.1
2019-02-19,0.6,-1.0,2242.0,4.2,1700.0,2.5,4.6,1705.0,0.7,331.9
2019-02-20,1.1,-2.9,2350.0,5.6,1518.0,0.0,7.1,1204.0,1.2,329.1
2019-02-21,0.7,-5.3,715.0,8.9,1425.0,0.0,4.5,1354.0,0.7,309.4
2019-02-22,2.3,-4.6,725.0,11.3,1526.0,0.0,5.8,1259.0,1.0,331.9
2019-02-23,4.9,-2.6,705.0,15.1,1508.0,0.0,5.7,1250.0,0.7,104.1
2019-02-24,4.4,-2.4,700.0,13.8,1439.0,0.0,6.2,1516.0,1.1,306.6
2019-02-25,3.9,-1.5,2350.0,10.9,1552.0,0.0,8.4,1442.0,1.2,345.9
2019-02-26,3.6,-4.7,712.0,12.2,1418.0,0.0,5.6,1558.0,0.8,323.4
2019-02-27,6.4,1.9,2355.0,14.5,1358.0,0.0,5.7,1456.0,1.1,309.4
2019-02-28,4.6,-2.1,716.0,13.7,1455.0,0.0,6.0,1431.0,1.0,351.6
2019-03-01,4.4,-2.5,536.0,14.1,1437.0,0.0,6.4,1600.0,1.0,317.8
2019-03-02,,,,,,0.0,,,,
2019-03-03,7.4,-1.5,714.0,17.2,1410.0,0.0,5.7,1641.0,0.8,292.5
2019-03-04,8.1,1.6,637.0,16.9,1450.0,0.0,7.1,1519.0,1.1,331.9
2019-03-05,8.0,3.1,158.0,13.4,1301.0,0.0,6.2,1628.0,1.4,309.4
2019-03-06,7.1,2.4,704.0,13.0,1515.0,0.0,6.3,1538.0,1.0,331.9
2019-03-07,5.6,-0.4,704.0,13.8,1342.0,0.0,6.8,1604.0,1.5,326.3
2019-03-08,4.1,-3.0,442.0,13.9,1336.0,0.0,6.8,1431.0,1.1,312.2
2019-03-09,,,,,,0.0,,,,
2019-03-11,,,,,,0.0,,,,
2019-03-12,3.5,-1.5,2351.0,9.6,1231.0,0.0,9.0,1315.0,2.1,331.9
2019-03-13,2.2,-3.9,657.0,9.9,1419.0,0.0,12.0,1401.0,2.4,8.4
2019-03-14,4.2,-5.0,612.0,11.5,1237.0,0.0,6.4,1334.0,1.1,331.9
2019-03-15,4.5,-0.5,2358.0,13.3,1510.0,1.0,11.1,1636.0,0.9,286.9
2019-03-16,3.5,-2.4,620.0,10.9,1223.0,0.0,7.3,1415.0,1.4,286.9
2019-03-17,5.4,-0.6,713.0,13.7,1508.0,0.0,7.8,1445.0,1.3,326.3
2019-03-18,6.0,-1.9,526.0,15.4,1417.0,0.0,6.1,1430.0,1.0,340.3
2019-03-19,8.6,0.1,522.0,17.6,1500.0,0.0,5.1,1558.0,0.9,292.5
2019-03-20,9.0,3.7,608.0,16.5,1245.0,13.5,6.6,1413.0,0.8,303.8
2019-03-21,7.4,1.5,2358.0,13.1,1418.0,3.5,10.1,1638.0,2.7,326.3
2019-03-22,3.4,-2.1,443.0,9.9,1545.0,0.0,9.4,1406.0,2.3,331.9
2019-03-23,2.6,-3.0,542.0,10.3,1515.0,0.5,10.3,1348.0,2.1,320.6
2019-03-24,3.8,-3.8,600.0,11.3,1341.0,0.0,8.2,1357.0,1.7,323.4
2019-03-25,7.6,2.6,213.0,12.5,1619.0,0.0,7.5,1507.0,2.1,275.6
2019-03-26,10.8,5.2,2329.0,18.7,1513.0,0.0,6.7,1521.0,1.4,334.7
2019-03-27,11.4,5.0,6.0,18.0,1311.0,0.0,9.4,1351.0,2.6,284.1
2019-03-28,9.2,3.5,644.0,15.7,1407.0,0.0,6.7,1324.0,1.6,337.5
2019-03-29,9.3,5.1,214.0,16.7,1443.0,0.0,7.9,1232.0,1.4,343.1
2019-03-30,4.9,2.3,1946.0,10.9,1429.0,2.0,11.1,1559.0,2.4,295.3
2019-03-31,4.9,0.1,2306.0,10.5,1543.0,0.0,9.9,1514.0,3.0,329.1
2019-04-01,4.7,-2.9,429.0,13.0,1435.0,0.0,9.7,1703.0,1.9,331.9
2019-04-02,5.6,-2.5,540.0,14.7,1510.0,0.0,9.0,1540.0,1.5,345.9
2019-04-03,6.6,-1.6,552.0,15.4,1352.0,0.0,8.3,1513.0,1.6,255.9
2019-04-04,8.7,-0.4,352.0,16.8,1315.0,0.0,8.6,1531.0,2.2,253.1
2019-04-05,11.3,5.7,2335.0,19.6,1420.0,0.0,9.5,1255.0,2.6,334.7
2019-04-06,8.5,2.3,446.0,12.9,1129.0,1.5,6.1,2003.0,0.8,53.4
2019-04-07,11.0,1.9,644.0,21.3,1356.0,0.0,7.5,1417.0,1.4,320.6
2019-04-08,10.5,4.1,532.0,19.3,1535.0,0.0,9.4,1342.0,1.8,326.3
2019-04-09,8.8,5.0,2241.0,15.0,950.0,10.5,7.8,1619.0,1.2,47.8
2019-04-10,6.5,3.6,2349.0,10.8,1734.0,3.5,4.7,1159.0,1.1,0.0
2019-04-11,8.8,1.7,557.0,17.7,1350.0,0.0,7.1,1456.0,1.1,315.0
2019-04-12,10.1,2.2,454.0,20.1,1436.0,0.0,7.5,1451.0,1.2,315.0
2019-04-13,10.9,3.1,455.0,19.8,1312.0,0.0,7.1,1321.0,1.3,334.7
2019-04-14,9.0,4.3,2353.0,16.2,1623.0,1.5,10.6,1720.0,1.7,300.9
2019-04-15,10.6,0.2,429.0,19.7,1420.0,0.0,7.4,1303.0,1.3,323.4
2019-04-16,13.7,4.0,533.0,24.3,1437.0,0.0,6.9,1438.0,1.1,326.3
2019-04-17,14.3,5.4,655.0,23.3,1403.0,0.0,7.1,1629.0,1.4,334.7
2019-04-18,11.6,8.4,450.0,17.7,1250.0,0.0,7.9,1252.0,1.5,261.6
2019-04-19,13.5,7.4,56.0,21.1,1506.0,0.0,5.3,1425.0,1.1,199.7
2019-04-20,13.9,7.6,445.0,20.4,1353.0,0.5,6.5,1151.0,1.4,317.8
2019-04-21,14.3,10.1,2357.0,22.2,1555.0,0.0,5.4,1704.0,1.1,329.1
2019-04-22,18.2,7.7,455.0,29.8,1502.0,0.0,5.9,1719.0,1.0,292.5
2019-04-23,18.8,12.0,550.0,25.7,1205.0,0.0,4.9,1854.0,0.8,253.1
2019-04-24,18.7,14.2,403.0,27.4,1428.0,3.0,5.8,1553.0,1.1,331.9
2019-04-25,12.9,9.3,2338.0,17.0,934.0,9.0,4.7,939.0,0.7,81.6
2019-04-26,8.2,4.4,2333.0,10.0,1321.0,2.5,4.6,1320.0,0.8,64.7
2019-04-27,11.2,1.8,535.0,20.2,1501.0,0.0,6.6,1438.0,1.2,326.3
2019-04-28,12.4,7.3,2259.0,20.2,1421.0,0.0,6.6,1410.0,1.2,320.6
2019-04-29,12.2,6.0,242.0,19.0,1711.0,0.0,4.5,1047.0,0.6,222.2
2019-04-30,14.7,6.2,454.0,24.5,1458.0,0.0,6.2,1559.0,1.1,284.1
2019-05-01,16.0,8.4,505.0,24.3,1430.0,0.0,8.3,1448.0,1.6,289.7
2019-05-02,15.5,6.3,544.0,27.6,1438.0,0.0,8.2,1602.0,1.4,320.6
2019-05-03,16.1,6.2,525.0,27.7,1324.0,0.0,6.0,1404.0,1.1,320.6
2019-05-04,17.6,8.6,517.0,28.9,1442.0,0.0,5.8,1419.0,0.8,320.6
2019-05-05,18.0,9.7,517.0,29.1,1337.0,0.0,8.6,2330.0,1.3,348.8
2019-05-06,14.0,7.8,0.0,21.7,1457.0,0.0,9.0,1127.0,2.6,326.3
2019-05-07,14.0,3.8,519.0,24.3,1407.0,0.0,7.2,1554.0,1.5,326.3
2019-05-08,15.1,7.9,239.0,24.0,1330.0,0.0,6.4,1411.0,1.8,258.8
2019-05-09,15.8,9.3,2326.0,25.0,1522.0,0.0,7.1,1335.0,1.4,270.0
2019-05-10,16.5,6.7,538.0,29.0,1426.0,0.0,5.7,1501.0,1.0,261.6
2019-05-11,18.4,9.4,546.0,29.7,1410.0,0.0,5.6,1457.0,0.9,272.8
2019-05-12,19.4,10.4,541.0,30.0,1447.0,0.0,5.5,956.0,0.8,202.5
2019-05-13,17.2,12.1,516.0,23.4,1257.0,0.0,6.1,1823.0,0.9,300.9
2019-05-14,18.2,9.2,542.0,28.4,1500.0,0.0,6.0,1341.0,1.0,331.9
2019-05-15,18.8,11.1,329.0,29.2,1431.0,0.0,5.9,1619.0,1.0,326.3
2019-05-16,22.0,13.3,524.0,32.0,1441.0,0.0,5.7,1631.0,1.0,345.9
2019-05-17,21.4,13.5,505.0,28.2,1244.0,0.0,3.9,1016.0,0.5,208.1
2019-05-18,22.6,16.7,616.0,26.8,1558.0,0.0,9.2,1222.0,1.8,154.7
2019-05-19,18.9,17.0,523.0,21.7,7.0,13.5,6.4,937.0,1.5,163.1
2019-05-20,16.5,9.7,2331.0,21.7,1419.0,12.0,8.8,1648.0,2.4,227.8
2019-05-21,16.9,10.6,402.0,25.8,1337.0,0.0,8.0,1447.0,2.4,289.7
2019-05-22,18.8,10.3,551.0,28.4,1439.0,0.0,7.8,1332.0,2.0,309.4
2019-05-23,20.2,11.3,603.0,30.4,1602.0,0.0,5.0,1529.0,0.9,289.7
2019-05-24,22.7,12.6,532.0,34.1,1448.0,0.0,5.1,1025.0,1.0,210.9
2019-05-25,22.0,15.3,500.0,30.0,1348.0,0.0,5.2,1358.0,0.9,326.3
2019-05-26,23.0,15.2,530.0,32.5,1333.0,0.0,6.5,1337.0,1.2,247.5
2019-05-27,17.3,12.4,0.0,22.4,202.0,10.0,8.3,1325.0,2.5,233.4
2019-05-28,17.6,8.4,513.0,26.1,1437.0,0.0,7.1,1842.0,1.5,194.1
2019-05-29,19.0,10.4,515.0,28.3,1300.0,0.0,6.8,1532.0,1.2,320.6
2019-05-30,18.9,11.3,457.0,26.2,1207.0,0.0,7.2,2330.0,1.6,264.4
2019-05-31,18.8,13.1,2340.0,25.3,1340.0,0.0,8.2,1303.0,1.8,315.0
2019-06-01,17.8,11.5,304.0,25.1,1558.0,0.0,5.4,1104.0,1.2,317.8
2019-06-02,19.5,10.5,504.0,29.1,1416.0,0.0,6.1,1258.0,1.1,315.0
2019-06-03,21.9,12.2,442.0,29.8,1512.0,0.0,7.3,1246.0,1.2,351.6
2019-06-04,21.9,14.4,501.0,30.3,1416.0,0.0,7.0,1458.0,1.6,306.6
2019-06-05,22.3,16.3,217.0,30.5,1257.0,0.0,5.4,1346.0,1.1,241.9
2019-06-06,19.8,16.1,519.0,23.8,1258.0,5.5,6.5,2359.0,0.8,5.6
2019-06-07,19.7,16.5,0.0,25.9,1609.0,24.5,6.5,607.0,1.3,340.3
2019-06-08,20.8,13.0,440.0,29.0,1349.0,0.0,5.3,1510.0,0.8,345.9
2019-06-09,21.0,15.7,2319.0,26.6,1203.0,6.5,5.8,1849.0,1.1,331.9
2019-06-10,17.9,14.1,2344.0,24.0,1623.0,8.0,4.6,349.0,0.6,84.4
2019-06-11,19.5,12.5,559.0,26.8,1505.0,0.0,4.7,1054.0,0.7,334.7
2019-06-12,20.3,13.6,430.0,28.3,1427.0,0.0,5.7,1505.0,1.0,295.3
2019-06-13,22.0,13.6,500.0,30.2,1427.0,0.0,6.0,1606.0,1.1,329.1
2019-06-14,22.1,16.1,513.0,29.6,1506.0,0.0,7.0,1515.0,1.1,331.9
2019-06-15,21.3,15.2,2354.0,29.5,1547.0,0.5,7.5,1556.0,1.5,340.3
2019-06-16,20.9,13.6,557.0,30.1,1448.0,0.0,6.0,1603.0,1.0,284.1
2019-06-17,20.9,16.3,632.0,28.1,1418.0,0.0,6.0,1433.0,1.4,326.3
2019-06-18,19.7,15.8,406.0,24.7,1316.0,12.0,4.8,935.0,1.1,160.3
2019-06-19,21.0,18.2,207.0,25.9,1250.0,0.5,5.3,1641.0,0.9,340.3
2019-06-20,22.2,18.5,524.0,29.4,1451.0,0.0,5.3,1505.0,1.0,337.5
2019-06-21,22.4,18.1,406.0,27.4,1529.0,0.0,5.4,1533.0,1.0,326.3
2019-06-22,23.2,14.8,536.0,31.9,1501.0,0.0,5.4,1509.0,0.9,306.6
2019-06-23,23.5,15.5,520.0,31.7,1435.0,0.0,6.6,1708.0,1.2,306.6
2019-06-24,24.2,17.7,527.0,32.8,1415.0,0.0,5.5,1419.0,1.2,323.4
2019-06-25,24.4,15.9,508.0,34.0,1543.0,0.0,6.2,1642.0,1.0,292.5
2019-06-26,23.8,17.1,450.0,30.6,1503.0,0.0,5.7,1537.0,0.6,185.6
2019-06-27,24.8,21.0,522.0,33.2,1415.0,0.0,5.5,1704.0,1.0,351.6
2019-06-28,23.6,20.1,2359.0,31.0,1544.0,0.0,5.1,1702.0,0.9,295.3
2019-06-29,21.8,18.5,312.0,28.7,1347.0,1.5,4.9,1354.0,0.6,185.6
2019-06-30,23.5,18.2,516.0,29.8,1228.0,0.0,5.5,1525.0,1.2,261.6
2019-07-01,23.4,18.4,527.0,31.8,1439.0,0.0,7.7,1629.0,1.3,326.3
2019-07-02,23.8,18.6,233.0,32.2,1431.0,0.0,6.4,14.0,1.3,171.6
2019-07-03,23.0,18.7,230.0,28.9,1056.0,0.0,3.9,1226.0,0.8,315.0
2019-07-04,24.4,17.0,527.0,34.9,1409.0,0.0,6.0,1515.0,1.0,331.9
2019-07-05,26.3,16.3,345.0,36.4,1358.0,0.0,6.1,1535.0,1.1,323.4
2019-07-06,28.1,20.9,421.0,36.8,1452.0,0.0,5.9,1326.0,1.1,191.3
2019-07-07,26.3,20.8,2354.0,33.2,1430.0,0.0,7.5,1341.0,1.2,174.4
2019-07-08,24.4,18.7,448.0,31.1,1524.0,0.0,5.6,1627.0,0.9,143.4
2019-07-09,24.5,16.4,548.0,33.0,1357.0,0.0,5.3,1334.0,0.9,143.4
2019-07-10,22.2,19.0,2133.0,28.8,1202.0,7.0,5.5,1126.0,1.0,106.9
2019-07-11,20.9,19.1,201.0,26.0,1312.0,2.0,6.1,1707.0,1.3,345.9
2019-07-12,23.7,18.6,343.0,30.9,1502.0,0.0,6.3,1344.0,1.3,264.4
2019-07-13,24.4,20.1,2359.0,31.5,1539.0,0.0,6.1,1706.0,1.2,312.2
2019-07-14,25.2,18.9,512.0,33.8,1417.0,0.0,5.4,1514.0,1.0,292.5
2019-07-15,22.6,19.7,518.0,28.5,1048.0,9.0,3.9,1544.0,0.5,140.6
2019-07-16,24.5,20.5,1.0,31.0,1518.0,0.5,4.7,1216.0,0.8,343.1
2019-07-17,25.1,20.5,441.0,29.9,1514.0,0.0,5.7,1236.0,0.8,326.3
2019-07-18,26.3,20.8,452.0,33.8,1520.0,0.0,6.0,947.0,0.8,191.3
2019-07-19,28.3,20.7,433.0,35.8,1232.0,0.0,7.1,1751.0,1.3,202.5
2019-07-20,28.4,24.9,848.0,32.8,1527.0,0.5,7.3,752.0,1.5,112.5
2019-07-21,25.1,23.8,355.0,28.9,1524.0,4.5,6.0,1607.0,1.6,281.3
2019-07-22,27.0,23.2,2343.0,33.4,1538.0,0.0,4.9,1347.0,1.3,219.4
2019-07-23,27.8,22.3,159.0,35.2,1522.0,0.0,5.9,1735.0,1.0,317.8
2019-07-24,25.6,24.4,457.0,28.1,1438.0,2.0,4.6,1446.0,0.9,213.8
2019-07-25,25.7,25.0,47.0,26.9,1043.0,10.0,4.1,1816.0,0.8,208.1
2019-07-26,24.8,23.8,840.0,25.9,1413.0,79.5,6.5,448.0,1.1,233.4
2019-07-27,27.9,24.4,56.0,34.5,1532.0,1.5,4.8,1630.0,0.8,275.6
2019-07-28,25.5,24.7,1749.0,27.1,26.0,37.5,8.9,1724.0,1.8,216.6
2019-07-29,27.5,25.5,507.0,30.3,1641.0,0.0,7.6,1800.0,2.4,227.8
2019-07-30,27.7,25.5,732.0,30.6,1104.0,8.0,8.5,1120.0,2.8,210.9
2019-07-31,25.3,23.5,1008.0,26.6,6.0,80.5,7.8,711.0,1.5,315.0
2019-08-01,25.6,22.6,842.0,30.5,1445.0,19.0,6.9,823.0,1.3,334.7
2019-08-02,28.1,23.3,342.0,35.2,1407.0,0.0,4.5,1741.0,0.8,329.1
2019-08-03,27.6,23.5,503.0,36.2,1433.0,8.5,7.2,1637.0,0.7,345.9
2019-08-04,28.2,23.1,549.0,35.6,1454.0,0.0,5.8,1755.0,0.7,149.1
2019-08-05,29.7,24.2,452.0,36.7,1438.0,0.0,5.1,1712.0,0.7,345.9
2019-08-06,30.1,25.4,401.0,37.4,1420.0,0.0,4.0,1846.0,0.6,118.1
2019-08-07,25.2,22.8,622.0,29.7,1641.0,5.5,3.2,443.0,0.4,132.2
2019-08-08,27.9,23.6,604.0,34.6,1328.0,0.0,5.4,1355.0,0.9,326.3
2019-08-09,28.5,23.7,437.0,35.3,1453.0,0.0,5.1,1610.0,0.9,326.3
2019-08-10,30.3,23.9,456.0,37.0,1407.0,0.0,5.0,2153.0,0.8,154.7
2019-08-11,29.9,24.3,2315.0,36.3,1418.0,7.0,8.6,1540.0,1.9,146.3
2019-08-12,26.1,23.9,49.0,29.4,1624.0,58.0,7.4,111.0,1.8,182.8
2019-08-13,27.9,24.1,540.0,35.0,1545.0,13.0,9.0,2221.0,1.0,222.2
2019-08-14,29.1,24.2,603.0,35.9,1309.0,0.0,4.3,1230.0,0.6,143.4
2019-08-15,25.1,22.1,2353.0,28.1,1.0,7.0,5.5,1425.0,0.9,25.3
2019-08-16,25.5,21.5,211.0,31.3,1334.0,0.0,7.4,1457.0,1.4,253.1
2019-08-17,25.5,21.0,2353.0,30.9,1530.0,0.0,6.2,1451.0,1.7,317.8
2019-08-18,24.9,20.5,443.0,31.9,1442.0,0.0,5.2,1350.0,1.0,315.0
2019-08-19,24.9,18.4,545.0,32.3,1453.0,0.0,9.4,2317.0,0.7,81.6
2019-08-20,26.3,20.1,504.0,33.1,1502.0,0.0,5.3,1153.0,0.6,171.6
2019-08-21,26.3,22.3,2350.0,32.7,1452.0,0.5,5.3,1413.0,1.1,323.4
2019-08-22,25.7,20.8,345.0,32.7,1423.0,0.0,6.1,1541.0,1.1,326.3
2019-08-23,24.9,20.2,624.0,31.6,1437.0,0.0,6.8,1708.0,1.2,351.6
2019-08-24,22.6,17.9,411.0,29.9,1540.0,0.0,5.1,1602.0,0.7,174.4
2019-08-25,24.1,18.2,555.0,31.7,1441.0,0.0,5.1,1413.0,0.9,337.5
2019-08-26,24.9,19.7,538.0,32.5,1401.0,0.0,4.1,936.0,0.6,188.4
2019-08-27,24.7,20.6,654.0,30.0,1644.0,1.0,7.7,2006.0,0.6,75.9
2019-08-28,25.2,21.5,511.0,31.3,1254.0,0.0,5.7,1703.0,0.8,340.3
2019-08-29,23.0,18.6,1050.0,27.8,1621.0,10.0,12.5,1318.0,1.7,205.3
2019-08-30,21.2,16.9,523.0,28.8,1252.0,8.5,7.2,1258.0,1.2,329.1
2019-08-31,22.3,15.9,424.0,29.8,1541.0,0.0,5.5,1246.0,0.9,340.3
2019-09-01,22.3,17.0,539.0,28.5,1639.0,0.0,3.9,1540.0,0.5,334.7
2019-09-02,22.6,16.8,552.0,30.8,1412.0,0.0,4.1,1625.0,0.5,337.5
2019-09-03,23.5,19.5,10.0,28.5,1424.0,0.0,4.7,1429.0,0.6,78.8
2019-09-04,22.4,20.8,346.0,25.3,1622.0,43.0,8.0,1846.0,0.7,163.1
2019-09-05,22.7,20.9,2349.0,27.6,956.0,35.5,6.4,1253.0,0.8,326.3
2019-09-06,24.4,20.8,419.0,28.9,1410.0,3.0,2.7,1227.0,0.3,258.8
2019-09-07,25.8,22.5,2009.0,29.5,1038.0,6.0,16.6,1624.0,3.9,194.1
2019-09-08,24.3,21.7,2356.0,28.7,1211.0,0.0,6.4,118.0,1.1,213.8
2019-09-09,24.3,20.6,456.0,30.3,1317.0,0.0,4.8,1246.0,0.7,196.9
2019-09-10,23.5,21.9,323.0,28.6,1128.0,112.5,7.2,2251.0,0.7,171.6
2019-09-11,24.2,20.4,452.0,30.4,1327.0,5.0,5.0,1252.0,1.0,92.8
2019-09-12,19.9,17.6,2155.0,22.9,1034.0,11.5,2.9,713.0,0.4,191.3
2019-09-13,21.9,17.2,609.0,29.3,1433.0,0.5,5.1,1014.0,0.7,165.9
2019-09-14,21.7,19.6,36.0,25.8,1057.0,0.5,6.0,748.0,0.7,227.8
2019-09-15,22.9,17.8,644.0,30.6,1529.0,0.0,4.8,1101.0,0.6,151.9
2019-09-16,22.8,17.2,2354.0,31.0,1456.0,0.0,5.2,1653.0,0.7,0.0
2019-09-17,21.6,13.5,616.0,29.8,1243.0,0.0,4.4,1035.0,0.7,163.1
2019-09-18,19.6,12.0,2349.0,26.4,1248.0,0.0,6.6,1129.0,1.6,323.4
2019-09-19,17.5,9.4,553.0,27.0,1459.0,0.0,5.7,1621.0,0.9,348.8
2019-09-20,17.9,12.1,56.0,23.9,1326.0,0.0,3.6,1407.0,0.4,95.6
2019-09-21,18.5,15.9,519.0,22.5,1459.0,0.0,3.1,1232.0,0.4,315.0
2019-09-22,18.9,16.5,223.0,20.4,1158.0,0.0,7.2,1214.0,1.2,132.2
2019-09-23,18.7,13.1,2343.0,25.6,1311.0,0.0,5.5,48.0,1.0,78.8
2019-09-24,18.3,11.6,615.0,27.2,1352.0,0.0,5.1,1229.0,0.7,337.5
2019-09-25,19.4,13.1,520.0,28.3,1428.0,0.0,3.6,1456.0,0.4,317.8
2019-09-26,21.4,15.3,557.0,30.5,1423.0,0.0,4.1,1433.0,0.5,157.5
2019-09-27,21.4,17.4,433.0,28.1,1433.0,0.0,2.3,1055.0,0.3,168.8
2019-09-28,21.9,16.3,653.0,30.0,1258.0,0.0,5.1,1457.0,0.7,317.8
2019-09-29,20.4,14.6,602.0,29.0,1407.0,0.0,5.2,1240.0,0.7,343.1
2019-09-30,20.5,14.1,613.0,29.5,1410.0,0.0,4.5,1548.0,0.5,345.9
2019-10-01,21.6,14.9,649.0,28.4,1348.0,0.5,5.3,1958.0,0.7,230.6
2019-10-02,21.3,19.8,44.0,24.9,1052.0,11.5,5.8,2308.0,0.8,33.8
2019-10-03,21.7,17.7,2359.0,28.8,1335.0,3.0,6.1,1138.0,1.0,354.4
2019-10-04,21.1,16.0,555.0,28.0,1347.0,0.0,4.8,1225.0,0.7,227.8
2019-10-05,17.8,11.7,2337.0,22.9,1443.0,0.0,5.6,1549.0,1.0,351.6
2019-10-06,16.8,9.4,605.0,23.4,1446.0,0.0,5.7,1134.0,0.9,160.3
2019-10-07,14.2,11.6,2355.0,18.2,1.0,16.5,4.3,8.0,0.5,168.8
2019-10-08,13.7,6.4,2350.0,21.1,1337.0,0.0,7.8,1200.0,1.5,334.7
2019-10-09,11.4,4.7,559.0,21.5,1419.0,0.0,4.9,1429.0,0.7,326.3
2019-10-10,14.4,8.2,100.0,21.0,1345.0,0.0,2.9,1533.0,0.4,345.9
2019-10-11,17.6,10.5,546.0,25.9,1414.0,0.0,3.5,1544.0,0.6,25.3
2019-10-12,16.8,11.3,2221.0,23.9,1246.0,0.0,7.0,1308.0,1.1,61.9
2019-10-13,15.3,8.7,646.0,23.5,1336.0,0.0,4.2,1119.0,0.8,340.3
2019-10-14,12.9,6.3,2329.0,20.5,1405.0,0.0,6.3,1538.0,1.2,320.6
2019-10-15,12.0,4.9,527.0,21.6,1311.0,0.0,4.9,1125.0,0.5,185.6
2019-10-16,12.5,6.2,603.0,21.5,1432.0,0.0,4.6,1318.0,0.6,317.8
2019-10-17,13.7,8.2,532.0,22.3,1345.0,0.0,4.8,1504.0,0.6,171.6
2019-10-18,16.0,9.9,434.0,24.4,1308.0,0.0,5.0,1409.0,0.7,64.7
2019-10-19,15.5,9.3,643.0,23.1,1418.0,0.0,5.1,1350.0,0.7,329.1
2019-10-20,14.9,10.0,630.0,23.2,1339.0,0.0,4.9,912.0,0.5,337.5
2019-10-21,15.2,8.6,716.0,24.4,1432.0,0.0,3.2,1545.0,0.4,323.4
2019-10-22,15.9,10.7,558.0,24.5,1356.0,0.0,4.1,936.0,0.5,351.6
2019-10-23,15.6,11.2,231.0,21.1,1248.0,0.0,3.8,1324.0,0.5,199.7
2019-10-24,16.6,11.7,551.0,24.5,1349.0,0.0,5.8,1219.0,0.7,174.4
2019-10-25,15.7,10.1,359.0,22.7,1228.0,0.0,7.0,2021.0,1.4,320.6
2019-10-26,8.9,4.2,718.0,15.7,1311.0,0.0,6.7,333.0,1.3,351.6
2019-10-27,8.9,1.6,609.0,18.2,1355.0,0.0,5.2,1257.0,0.7,345.9
2019-10-28,12.6,5.6,435.0,18.8,1209.0,2.0,8.5,2215.0,1.8,180.0
2019-10-29,11.2,4.9,2357.0,19.1,1314.0,0.0,7.4,1535.0,1.1,329.1
2019-10-30,9.5,2.0,636.0,18.5,1334.0,0.0,5.6,1145.0,0.7,303.8
2019-10-31,14.7,7.9,1.0,20.9,1346.0,0.0,6.5,1614.0,1.3,247.5
2019-11-01,13.0,7.4,2326.0,21.0,1351.0,0.0,5.0,1221.0,0.7,348.8
2019-11-02,11.7,5.1,558.0,18.7,1311.0,0.0,2.8,1156.0,0.4,202.5
2019-11-03,12.0,5.5,718.0,21.9,1419.0,0.5,3.8,1338.0,0.5,118.1
2019-11-04,11.2,5.7,649.0,20.2,1435.0,0.0,4.3,1058.0,0.6,216.6
2019-11-05,10.4,5.6,712.0,18.3,1348.0,0.0,4.4,1216.0,0.5,292.5
2019-11-06,9.0,2.8,615.0,17.1,1233.0,0.0,4.0,1341.0,0.5,258.8
2019-11-07,7.2,0.7,2351.0,14.4,1347.0,0.0,5.9,1212.0,1.1,320.6
2019-11-08,4.1,-3.0,632.0,13.2,1356.0,0.0,5.4,1253.0,0.7,298.1
2019-11-09,7.3,-0.5,532.0,17.4,1439.0,0.0,5.6,1425.0,0.7,317.8
2019-11-10,9.7,3.7,134.0,15.9,1453.0,13.0,6.6,2339.0,1.4,225.0
2019-11-11,10.4,5.1,2357.0,16.7,1421.0,0.5,7.9,1408.0,1.7,326.3
2019-11-12,7.6,2.4,722.0,15.2,1357.0,0.0,3.6,1300.0,0.4,348.8
2019-11-13,6.8,2.8,2355.0,12.0,1334.0,6.0,9.4,1559.0,2.0,28.1
2019-11-14,0.8,-3.4,736.0,5.4,1416.0,0.0,9.5,530.0,2.1,343.1
2019-11-15,6.2,0.0,1.0,9.5,1504.0,20.0,9.2,148.0,1.4,174.4
2019-11-16,4.6,0.1,514.0,12.7,1458.0,0.0,3.0,1135.0,0.4,326.3
2019-11-17,8.5,3.1,1.0,12.5,2342.0,15.0,8.1,1843.0,1.2,157.5
2019-11-18,4.3,-1.6,2051.0,13.0,125.0,9.5,10.6,459.0,2.9,334.7
2019-11-19,-0.1,-4.8,718.0,5.1,1326.0,0.0,8.6,1431.0,1.6,323.4
2019-11-20,-0.8,-6.9,654.0,6.1,1455.0,0.0,4.9,1407.0,0.8,329.1
2019-11-21,3.7,-4.3,459.0,10.2,1208.0,0.0,4.6,1226.0,0.5,241.9
2019-11-22,8.5,-0.2,733.0,18.6,1421.0,0.0,5.3,1222.0,0.7,163.1
2019-11-23,10.3,4.3,457.0,17.9,1442.0,0.0,6.2,1104.0,0.8,171.6
2019-11-24,8.8,4.2,2357.0,16.3,1126.0,3.0,8.8,2201.0,1.4,337.5
2019-11-25,1.1,-1.7,649.0,6.3,1443.0,0.0,6.9,110.0,1.6,351.6
2019-11-26,5.1,-1.6,330.0,14.2,1315.0,0.0,5.4,1615.0,0.8,306.6
2019-11-27,2.4,-2.0,743.0,7.6,1318.0,0.0,6.3,1430.0,1.4,343.1
2019-11-28,2.5,-2.4,124.0,10.8,1347.0,0.0,5.4,1612.0,0.9,331.9
2019-11-29,0.0,-5.7,803.0,7.7,1437.0,0.0,5.5,1340.0,0.9,345.9
2019-11-30,3.0,-4.2,626.0,10.5,1305.0,0.0,4.3,1309.0,0.7,216.6
2019-12-01,4.1,1.5,2354.0,6.6,1210.0,1.5,5.3,1822.0,0.7,348.8
2019-12-02,-0.1,-4.0,2343.0,3.9,1329.0,0.0,8.9,1557.0,2.3,337.5
2019-12-03,0.0,-6.9,452.0,5.5,1345.0,0.0,4.1,1348.0,0.7,
2019-12-04,0.3,-5.0,752.0,7.0,1349.0,0.0,5.0,2224.0,0.8,357.2
2019-12-05,-4.6,-9.4,2359.0,-0.3,1413.0,0.0,8.8,1316.0,2.3,343.1
2019-12-06,-7.1,-13.4,709.0,-0.6,1414.0,0.0,8.7,1118.0,0.7,331.9
2019-12-07,-1.9,-8.1,12.0,3.1,1526.0,0.0,3.8,451.0,0.7,180.0
2019-12-08,-1.9,-7.8,758.0,5.1,1459.0,0.0,4.0,1500.0,0.5,317.8
2019-12-09,4.5,-3.0,248.0,8.8,2247.0,0.0,7.4,2246.0,2.2,225.0
2019-12-10,8.0,3.8,731.0,11.4,1351.0,1.5,6.1,45.0,0.9,208.1
2019-12-11,6.3,-0.1,2358.0,10.9,1342.0,0.0,9.6,1756.0,2.9,329.1
2019-12-12,-1.3,-4.7,722.0,3.8,1430.0,0.0,7.5,228.0,1.3,323.4
2019-12-13,2.0,-5.4,635.0,6.6,1333.0,0.0,6.4,2251.0,1.5,216.6
2019-12-14,2.0,-2.1,2358.0,6.6,1408.0,0.0,6.7,1210.0,1.4,334.7
2019-12-15,2.9,-3.6,357.0,12.0,1442.0,0.0,6.1,1208.0,0.6,182.8
2019-12-16,7.3,-1.9,633.0,14.8,1401.0,0.0,5.2,1232.0,0.8,185.6
2019-12-17,7.9,2.8,2359.0,11.9,33.0,7.5,6.8,653.0,1.9,168.8
2019-12-18,0.1,-2.9,755.0,5.0,1411.0,0.0,5.0,1618.0,1.2,340.3
2019-12-19,-1.8,-6.3,729.0,3.5,1444.0,0.0,6.2,1552.0,1.0,326.3
2019-12-20,-2.2,-6.3,2345.0,2.7,1336.0,0.0,5.3,1345.0,1.0,306.6
2019-12-21,-1.6,-7.7,312.0,2.6,1105.0,0.0,6.0,1650.0,1.0,185.6
2019-12-22,3.3,-1.5,602.0,9.3,1404.0,0.5,4.6,1342.0,0.7,191.3
2019-12-23,2.6,-2.0,2348.0,6.4,1339.0,2.5,4.9,1146.0,0.9,326.3
2019-12-24,-0.7,-5.2,743.0,6.4,1430.0,0.0,3.8,1156.0,0.6,337.5
2019-12-25,0.9,-5.2,529.0,7.2,1317.0,0.0,3.7,1527.0,0.5,337.5
2019-12-26,1.7,-2.6,2353.0,5.4,1458.0,0.0,7.1,2017.0,1.7,343.1
2019-12-27,-2.4,-7.4,745.0,3.2,1410.0,0.0,6.7,1608.0,1.1,326.3
2019-12-28,1.2,-5.3,114.0,6.7,1333.0,0.0,6.0,1030.0,1.2,177.2
2019-12-29,4.1,-0.2,442.0,7.5,1524.0,0.0,5.2,1142.0,0.8,191.3
2019-12-30,2.0,-6.2,2357.0,6.9,1043.0,0.5,10.2,2237.0,1.9,331.9
2019-12-31,-7.7,-10.8,712.0,-3.7,1500.0,0.0,9.7,232.0,2.4,334.7
