STATION_NM,STATION_ID,X,Y
신일비즈니스고등학교,"219000619",126.76059160,37.68329610
중앙공원삼거리,"219000587",126.77698920,37.68893365
문촌마을14.19단지,"219000624",126.75245060,37.67101090
문촌마을14.19단지,"219000623",126.75245220,37.67144817
중앙공원삼거리,"219000586",126.77741200,37.68877103
고양공영차고지,"219000644",126.73931860,37.68110239
웨스턴돔,"219000473",126.77203630,37.65381984
풍동상가단지,"219000457",126.80081960,37.66718985
고양공영차고지,"219000645",126.73934890,37.68117865
동해운수,"219000027",126.76013320,37.68588691
중산마을2단지.해태쇼핑.코오롱아파트,"219000146",126.77906070,37.69375754
대화동동문3단지,"219000431",126.72980830,37.67371367
은곡마을회관,"219000479",126.79861900,37.72661959
무원마을3단지,"218000445",126.83593720,37.61445940
현산중학교,"219000488",126.77448540,37.69106227
고양시도로관리사업소차량등록과,"219000477",126.80790890,37.66447059
원당중학교,"218000005",126.82312710,37.66295560
탄현2단지.삼익아파트,"219000143",126.76800160,37.69360167
문촌마을.라이프아파트,"219000346",126.75925270,37.67661739
삼릉역,"218000061",126.84997810,37.67993695
벽제역,"218000171",126.89412910,37.68110656
삼송테크노밸리,"218000219",126.90030230,37.64936874
삼송마을14.15단지,"218000272",126.88117800,37.65050162
고봉동행정복지센터,"219000470",126.82567080,37.70207785
숲속마을7.9단지,"219000463",126.80189020,37.67260766
풍산동행정복지센터,"219000456",126.80086130,37.66369299
오금동고개,"218000261",126.91991720,37.66821624
한국건설기술연구원.킨텍스,"219000604",126.74089560,37.67018507
현대백화점,"219000625",126.75201260,37.66847450
중산마을1.2단지,"219000595",126.78065990,37.69626546
서정마을(중),"218000145",126.85131350,37.61577879
한수초등학교,"219000627",126.75659540,37.66890929
원당약국.원당시장정문,"218000506",126.83623660,37.65643774
지영동,"219000576",126.82854550,37.72293151
고양동종점,"218000497",126.91180250,37.73126969
중산마을9.10단지,"219000588",126.77875880,37.69000557
하늘마을3단지,"219000597",126.78493160,37.67744317
내유동,"218000493",126.84368390,37.72494444
동국대병원정문,"219000582",126.80750540,37.67605001
목암초.중교,"218000496",126.90611290,37.71252264
항공대학교,"218000302",126.87036400,37.60167525
행신역,"218000463",126.83487800,37.61267788
신성슈퍼앞,"218000466",126.84498250,37.72602500
신성슈퍼앞,"218000464",126.84485870,37.72607180
중산마을9.10단지,"219000589",126.77868260,37.69018581
신원마을3단지,"218000459",126.89281310,37.66352032
수역이마을,"218000515",126.84681960,37.66588953
식사동차고지,"219000584",126.80192990,37.67918183
목암초.중교,"218000495",126.90570620,37.71220488
중산1단지,"219000447",126.77865250,37.69611505
킨텍스후문,"219000646",126.74849570,37.67046033
주교동.원릉방앗간,"218000106",126.83462490,37.65833074
박애원,"219000567",126.79537240,37.72611391
부대앞,"218000462",126.91342330,37.74421192
세원마을입구,"218000151",126.88692460,37.67045817
일산약국,"219000491",126.77485680,37.68767770
구SBS스튜디오,"219000569",126.78980370,37.68211759
위시티3.4단지,"219000492",126.81295200,37.68077683
가좌마을.킴스.벽산아파트509동,"219000573",126.71891410,37.69160887
서정마을입구,"218000517",126.84765220,37.61725484
정발마을2단지,"219000649",126.78819740,37.66385524
명승세도나빌딩,"218000510",126.83555910,37.65614270
동양쇼핑.원당시장후문,"218000505",126.83833170,37.65833984
세창짜임아파트,"218000504",126.83754410,37.65794241
성사고등학교,"218000501",126.84188920,37.66184935
하늘마을5단지,"219000596",126.78687840,37.67816243
장촌초등학교,"219000648",126.74806670,37.67319255
성저마을14단지,"219000617",126.75836180,37.68007533
한국건설기술연구원.킨텍스,"219000603",126.74120920,37.66977347
탄현동문아파트,"219000635",126.76736130,37.69967189
삼성군인아파트,"218000499",126.91549490,37.71733339
체육공원앞,"218000508",126.84401740,37.66331653
푸르메마을,"219000236",126.79298510,37.70800698
킨텍스원시티2단지,"219000557",126.74673320,37.66161910
안곡중고교,"219000556",126.78725370,37.68122644
킨텍스원시티2단지,"219000555",126.74687340,37.66188110
상곡마을,"218000315",126.90543520,37.72282966
삼송역사거리.지축차량기지입구,"218000223",126.89759960,37.65514826
대림.양우아파트,"218000342",126.81813340,37.62698835
잣골,"219000469",126.79512530,37.68826760
가라뫼,"218000330",126.84337560,37.61906273
오금동고개,"218000262",126.91968950,37.66819770
고개,"218000002",126.91239850,37.74702662
고개,"218000001",126.91250610,37.74708925
제3697공병부대,"218000254",126.95391310,37.66621261
효자비,"218000253",126.95551020,37.67131754
상미조경,"218000246",126.96131160,37.68517380
노고산예비군훈련장,"218000245",126.96024800,37.68142539
효자2통,"218000243",126.95560450,37.67429699
관세농원,"218000240",126.95209170,37.66414825
보광주유소,"218000185",126.90782810,37.72651091
부대앞.감로정,"218000183",126.90472400,37.72015863
보라빌라,"218000182",126.90242650,37.71852351
고양동삼거리,"218000181",126.90093690,37.71712783
현대아파트,"218000176",126.90195260,37.70049898
빈정동,"218000174",126.90157790,37.69378104
벽제교.관산삼거리,"218000169",126.85671890,37.69402927
정식암,"218000312",126.91305510,37.73987569
계명상회,"218000311",126.91230450,37.73640489
장단상회,"218000308",126.91008600,37.72984286
부대앞,"218000304",126.91350230,37.74410011
고양시청,"218000346",126.83109770,37.65599930
행주산성입구.행주내동,"218000303",126.82891190,37.60175162
항공대학교,"218000301",126.87117670,37.60095506
원당역,"218000283",126.84259660,37.65380612
가시골,"218000279",126.86720840,37.64859493
삼송마을16.17단지,"218000273",126.88675370,37.65201507
원흥동,"218000271",126.87446370,37.64783022
가시골,"218000270",126.86717630,37.64884354
흥도동행정복지센터,"218000268",126.85376660,37.64811077
원당역,"218000267",126.84390740,37.65298087
지축동,"218000266",126.92131560,37.64701616
효자동.산막골,"218000263",126.91997710,37.66443532
샘터3단지.고양시교통정보센터,"218000127",126.83348200,37.62362375
샘터마을2단지.신능중학교,"218000126",126.83348460,37.62123593
소만마을6.7단지,"218000123",126.84111110,37.61540704
무원마을.단독주택단지,"218000119",126.83427630,37.61671414
샘터마을2단지.신능중학교,"218000118",126.83373760,37.62164377
고양시청.덕양구보건소,"218000117",126.83121670,37.65695814
리스쇼핑.원당시장,"218000116",126.83689110,37.65587820
성사1동행정복지센터,"218000115",126.84053710,37.65452045
새마을,"218000237",126.81935810,37.60015688
행주산성,"218000236",126.82425830,37.60108528
행주초등학교,"218000235",126.82358280,37.60244729
토당고가.별빛마을9단지,"218000234",126.82519160,37.62815975
고양경찰서(중),"218000316",126.83024410,37.62673233
신원마을3단지,"218000225",126.89263670,37.66318758
삼송테크노밸리,"218000222",126.90092010,37.64855753
신원마을7.8단지,"218000216",126.88458370,37.66814235
신원마을1단지.신원중,"218000215",126.88886650,37.66805370
행주산성입구.행주내동,"218000211",126.82816010,37.60116801
능곡고교,"218000205",126.82442300,37.62452841
삼성당,"218000200",126.80693710,37.62284850
삼화연립,"218000198",126.81482260,37.62472405
능곡초교,"218000197",126.81743400,37.62407005
능곡역.능곡시장,"218000193",126.82011110,37.62058497
삼성당다리,"218000189",126.80952350,37.62368592
삼성당,"218000188",126.80700830,37.62301524
행신SK뷰아파트,"218000085",126.83309260,37.61924421
햇빛마을23단지,"218000077",126.83900400,37.62155947
행신초교,"218000076",126.83621870,37.62340754
햇빛18단지.롯데마트고양점,"218000075",126.83613710,37.62632645
근린공원,"218000073",126.83160920,37.63091747
화정동단독주택단지,"218000071",126.83267980,37.64001945
고양시청.주교동.덕양구보건소치매안심센터,"218000066",126.83393570,37.65741077
원릉역,"218000065",126.83923140,37.66270602
송포파출소.송포농협,"219000341",126.73731650,37.67195287
양우아파트,"219000340",126.73468220,37.67059843
성석동,"219000339",126.78891700,37.71509321
신일중학교.밤가시마을,"219000326",126.77594730,37.67640717
상감천마을,"219000320",126.78555510,37.70925635
성석동,"219000319",126.78891730,37.71498301
일산가구공단,"219000318",126.75974870,37.69920674
탄현효성주은아파트,"219000315",126.76834000,37.69070732
일신삼익아파트,"219000314",126.76334450,37.68934610
강선초등학교,"219000308",126.76608730,37.67164735
탄현서광아파트,"219000299",126.76310070,37.68948767
거그뫼,"219000294",126.70408710,37.69337320
활천교회,"219000292",126.70062230,37.68450745
백석역3번출구,"219000162",126.78736630,37.64280272
백석고등학교,"219000157",126.78781460,37.65229924
정발마을1단지,"219000155",126.78928010,37.66609339
명문자동차학원,"219000145",126.77538640,37.69416593
현충공원.태극단사거리,"219000282",126.75827730,37.69246141
덕이동로데오거리,"219000281",126.75554590,37.69211386
송산동행정복지센터,"219000280",126.75338420,37.69108224
송산3통,"219000278",126.74540190,37.69284706
덕이주유소,"219000277",126.74219860,37.69296822
덕이상가,"219000276",126.73668750,37.69052910
일산교회,"219000275",126.73328920,37.68872759
고양선인장시험장,"219000274",126.73014350,37.68766066
중앙하이츠아파트,"219000272",126.73677020,37.69862324
백송고등학교.백송마을,"219000270",126.73992550,37.69492327
송포백송,"219000267",126.73982860,37.69547126
만자고개,"219000266",126.73912360,37.69667372
덕이동문아파트,"219000264",126.73437790,37.70064882
설문교,"219000259",126.80058740,37.72939353
일산복음병원.일산하이병원,"219000251",126.78029780,37.68221521
사단앞,"219000249",126.79742780,37.67780833
식사오거리,"219000246",126.81282450,37.66662092
일산터미널,"219000238",126.77349730,37.68573634
오미산주유소,"219000237",126.78827630,37.70987529
성석주유소,"219000234",126.80116220,37.70847614
구.한산기업,"219000085",126.84956110,37.69412306
사리현동.벽제교삼거리,"218000334",126.85338750,37.69364099
문봉고개,"219000079",126.83120940,37.69879014
고봉동행정복지센터,"219000077",126.82639770,37.70168854
자동차매매단지,"219000076",126.79428320,37.70610824
지영리교회,"219000221",126.82988040,37.71856943
백신고교,"219000214",126.78015700,37.64223106
오목촌,"219000211",126.82955880,37.71251809
백마벽산아파트,"219000206",126.78821750,37.65808200
밤가시마을,"219000201",126.77622410,37.67427096
일산3동행정복지센터,"219000200",126.77202220,37.67611949
후곡건영동부아파트,"219000198",126.76157200,37.68068176
성저마을13.14단지,"219000197",126.75889700,37.68183735
성저공원.대화동행정복지센터,"219000196",126.75503280,37.68284184
대진고등학교,"219000195",126.75265970,37.68048710
탄현동종점,"219000188",126.77600580,37.69507541
탄현마을5.6단지,"219000184",126.76688470,37.69684579
중산6단지.중산초교.중산중학교,"219000178",126.78261390,37.69192675
삼성아파트.중산마을8단지,"219000177",126.78270070,37.68826619
중산마을입구.쌍용아파트.실로암병원,"219000175",126.77736280,37.68632295
산들대림아파트.롯데마트,"219000174",126.77790500,37.68215858
마두1동행정복지센터,"219000168",126.78894750,37.65605814
백신중학교.이마트,"219000166",126.78346880,37.65051693
장고개,"229000001",126.79240740,37.72407887
일산병원사거리,"219000030",126.79099950,37.64599687
탄현동,"219000137",126.77594570,37.69503809
철산아파트.탄현역앞,"219000136",126.75962530,37.69534305
농수산물센터,"219000133",126.74936590,37.68245145
성저초등학교,"219000125",126.75418690,37.68569867
송포파출소.송포농협,"219000121",126.73741090,37.67178605
연세프라자,"219000117",126.75468430,37.67835617
밤가시마을,"219000112",126.77695160,37.67357860
희망원,"219000109",126.82189480,37.70284707
성석초교,"219000107",126.81290000,37.70663291
마골,"219000106",126.80952990,37.70833240
성석주유소,"219000104",126.80099090,37.70859549
두테비,"219000103",126.79719530,37.70696023
일산터미널,"219000100",126.77358680,37.68571126
안골,"219000570",126.79846740,37.68960079
중고차매매단지,"219000096",126.79800710,37.69631127
신병교육대,"219000094",126.79671100,37.70160765
자동차매매단지,"219000093",126.79439660,37.70611745
순복음영산교회,"219000089",126.83590930,37.69785367
현대그린아파트.예술인력개발원,"219000088",126.83859870,37.69708499
오목골,"219000472",126.82290260,37.71012820
오목골,"219000471",126.82302180,37.71010662
숲속마을7.8단지,"219000462",126.80026980,37.67141511
풍동상가단지,"219000458",126.80099700,37.66700034
고양종합운동장.일산서구청,"219000450",126.74368570,37.67765323
풍산동행정복지센터,"219000455",126.80049220,37.66275614
고양경찰서(중),"218000320",126.82872580,37.62736084
윗내유동.희망양로원,"218000164",126.84919900,37.71765141
내유초등학교,"218000163",126.85075050,37.71515561
대자동,"218000153",126.88760200,37.68258649
원신동행정복지센터,"218000150",126.87519210,37.67631181
부대앞.군인아파트,"218000149",126.86886480,37.67389509
낙타고개.원당골,"218000148",126.86154930,37.67490389
항공대입구(중),"218000142",126.87173700,37.60141757
화전동행정복지센터,"218000141",126.87415350,37.59879834
덕은동(중),"218000139",126.87862170,37.59476668
화전동행정복지센터,"218000138",126.87528000,37.59804838
항공대입구(중),"218000137",126.87222540,37.60103033
원신동행정복지센터,"218000130",126.87553990,37.67623722
신원교,"218000128",126.88282630,37.67787712
노루뫼.노루뫼슈퍼,"219000438",126.70268200,37.68279709
온정마을,"219000437",126.70545730,37.68263185
가좌동.구종점,"219000435",126.71693400,37.68372430
송포초교,"219000434",126.72236160,37.68516540
대송중학교,"219000430",126.73246740,37.66976054
대송중학교,"219000429",126.73250790,37.67005291
은행나무집,"219000426",126.72332120,37.68415207
성사1동행정복지센터,"218000114",126.84053710,37.65466237
고양시청.덕양구보건소,"218000112",126.83146200,37.65692789
내유동,"218000111",126.84305020,37.72526629
고양시청.덕양구보건소치매안심센터,"218000105",126.83321130,37.65700430
성사2동행정복지센터,"218000104",126.83223560,37.65251606
고양어울림누리.달빛마을1단지,"218000103",126.83203410,37.64831532
화정동단독주택단지,"218000100",126.83237880,37.64009345
화정역.덕양구청,"218000099",126.83092470,37.63575734
근린공원,"218000098",126.83221110,37.63066107
옥빛17단지.롯데마트고양점,"218000096",126.83576870,37.62647254
원당역,"218000095",126.84205540,37.65344529
신원당마을입구,"218000094",126.83744400,37.65446952
신원당마을7단지,"218000092",126.83335090,37.65375388
삼송역4번출구,"218000090",126.89380750,37.65325005
가라뫼.한전앞,"218000087",126.84276070,37.61828353
무원고교,"218000086",126.83804000,37.61827572
정발고등학교,"219000355",126.78625120,37.66067053
백석동우체국,"219000354",126.78657210,37.64934422
화훼단지,"219000351",126.79359260,37.63665118
백석7블록,"219000349",126.78933570,37.64753639
오마중학교,"219000347",126.76214670,37.67746870
연세프라자,"219000345",126.75415150,37.67885044
윗배다리,"218000064",126.84201220,37.66444055
쥬쥬테마동물원,"218000059",126.85206780,37.68873497
벽제역,"218000056",126.89536500,37.68101987
빈정동,"218000053",126.90181200,37.69365938
고양동사거리,"218000049",126.90272610,37.70643769
신성빌라.동익아파트,"218000048",126.90194060,37.70952659
고양동삼거리,"218000046",126.90107400,37.71711393
보라빌라,"218000045",126.90232600,37.71825403
응달촌,"218000040",126.90279970,37.69973887
토당고가.별빛마을9단지,"218000039",126.82460880,37.62879118
행주초등학교,"218000038",126.82366620,37.60219706
새마을,"218000036",126.81923170,37.60024245
서원,"218000035",126.81774770,37.60001000
나루터,"218000034",126.81481280,37.60211723
나루터,"218000033",126.81479000,37.60247360
고골입구,"218000025",126.85585910,37.70831595
별빛마을8단지.롯데마트,"218000014",126.83010770,37.63167342
행주동행정복지센터.능곡전화국,"218000008",126.82441180,37.61804896
맨돌,"218000006",126.82325220,37.60707974
동해운수,"219000287",126.75959840,37.68604457
신촌초등학교,"219000284",126.76518940,37.68127936
대우동양아파트,"219000283",126.76444600,37.68384467
거그뫼,"219000413",126.70417630,37.69336745
대화동,"219000412",126.73200100,37.66918682
신원아파트,"219000411",126.76291460,37.68732449
일산터미널,"219000409",126.77327220,37.68554347
산들마을5단지,"219000406",126.77504340,37.68252527
대화동,"219000400",126.73118270,37.66905471
유화프라자,"219000397",126.76438970,37.67437389
일산교회,"219000394",126.73404000,37.68900868
덕이상가,"219000393",126.73692980,37.69037066
덕이주유소,"219000392",126.74232370,37.69285137
송산3통,"219000391",126.74597050,37.69268600
덕이초등학교,"219000390",126.74812540,37.69197751
안산공원,"219000384",126.78349950,37.64675282
강촌마을1단지,"219000381",126.78476470,37.65799835
식사오거리.영심동마을,"219000377",126.81103500,37.66523250
식사오거리.영심동마을,"219000376",126.81250630,37.66606376
알미공원,"219000369",126.78351530,37.64623739
롯데백화점,"219000357",126.77274560,37.65988872
고흥주유소,"219000233",126.80542330,37.70885721
문봉빌라단지,"219000230",126.81866130,37.70409678
희망원,"219000229",126.82129220,37.70297730
고봉동행정복지센터,"219000228",126.82577300,37.70201493
억척목장,"219000226",126.82314470,37.71324820
지영리교회,"219000224",126.83000130,37.71857886
건설산업혁신센터,"219000342",126.74146640,37.67351508
신병교육대,"219000075",126.79593680,37.70293676
진밭,"219000074",126.79846760,37.69915015
중고차매매단지,"219000073",126.79787590,37.69624449
사당골,"219000072",126.79730860,37.69314199
잣골,"219000070",126.79338040,37.68762680
하감천마을,"219000486",126.78610000,37.71636457
일산약국,"219000490",126.77471450,37.68773005
우편집중국,"219000063",126.78704230,37.63703087
되레지마을사거리앞,"219000059",126.71373750,37.69384842
당음마을,"219000058",126.71690180,37.69377846
두신마을,"219000057",126.72434460,37.69496179
성재공단입구,"219000052",126.73016810,37.69515192
두신마을,"219000051",126.72435890,37.69506712
당음마을,"219000506",126.71690930,37.69392865
되레지마을사거리앞,"219000049",126.71344270,37.69398046
백마중학교,"219000046",126.79321560,37.65399428
백마역,"219000045",126.79414970,37.65746415
백마역,"219000044",126.79354260,37.65784704
원당중학교,"218000004",126.82293650,37.66328900
대진고등학교,"219000023",126.75305710,37.68038706
성저공원.대화동행정복지센터,"219000022",126.75548740,37.68250042
성저마을13.14단지,"219000021",126.75818580,37.68178795
후곡마을7.8단지,"219000020",126.76172390,37.68024613
백마마을2.3단지,"219000018",126.79006930,37.65415756
백석1동행정복지센터,"219000017",126.79254970,37.64991253
일산병원,"219000016",126.79174100,37.64642349
백신고교,"219000014",126.78031910,37.64253127
호수13블럭,"219000013",126.77867290,37.64378670
롯데백화점,"219000010",126.77148180,37.65968635
일산가구공단,"219000004",126.75926660,37.69984073
앵골.광성교회,"219000003",126.75925250,37.70307404
일산가구공단,"219000002",126.75960190,37.69990292
푸른마을10단지.대명교회앞,"218000047",126.90133820,37.71485127
부대앞.감로정,"218000044",126.90489780,37.72013967
추모공원하늘문,"218000043",126.90631610,37.72498735
행주산성,"218000037",126.82425250,37.60081927
필리핀참전비,"218000032",126.87398860,37.68802553
새서울아파트,"218000031",126.86862080,37.68766232
관산동.벽제시장,"218000030",126.86461190,37.68791849
고양외고.고양제일중학교,"218000029",126.85968260,37.69019926
두포동.관산동성당,"218000027",126.85790390,37.70217763
가장동,"218000026",126.85753150,37.70522912
서울시립고양병원입구,"218000024",126.85221940,37.71243958
내유초등학교앞,"218000023",126.85079130,37.71569991
윗내유동.희망양로원,"218000022",126.84942610,37.71769112
고양경찰서앞.고양어린이박물관,"218000020",126.82994700,37.62972791
화정역.롯데마트,"218000019",126.83074760,37.63291757
능곡중학교,"218000017",126.82446330,37.62185062
능곡중학교,"218000016",126.82474090,37.62134315
능곡병원,"218000489",126.82362650,37.62735606
고양경찰서앞.고양어린이박물관,"218000013",126.82886850,37.62869838
무원마을.단독주택단지,"218000125",126.83393680,37.61657851
능곡고교,"218000009",126.82437060,37.62385491
능곡화원,"218000007",126.82248090,37.61384073
은행나무집,"219000433",126.72296350,37.68354327
송포분재원.다리앞,"219000432",126.72410360,37.68063785
대화동동문3단지,"219000428",126.73002310,37.67385832
송포분재원,"219000427",126.72357770,37.68156330
주말자연농원입구,"219000422",126.70926800,37.68318374
온정마을,"219000421",126.70531010,37.68279907
노루뫼.노루뫼슈퍼,"219000420",126.70293250,37.68296086
마을회관,"219000414",126.70175940,37.69047737
일산서구보건소,"219000408",126.77525010,37.68403097
산들마을5단지,"219000407",126.77481490,37.68244960
일산서구보건소,"219000405",126.77544420,37.68406236
일산터미널,"219000404",126.77334790,37.68563707
일산시장,"219000403",126.77006230,37.68663201
한뫼초교.일산중고교,"219000402",126.76669210,37.68718936
신원아파트앞,"219000401",126.76268930,37.68744738
주엽고교,"219000399",126.75577350,37.67575388
주엽고교,"219000396",126.75591720,37.67651152
고양선인장시험장,"219000395",126.72994090,37.68742620
덕이동로데오거리,"219000388",126.75585070,37.69195532
화훼단지,"219000387",126.79348750,37.63664712
벽제교.관산삼거리,"218000058",126.85649230,37.69379090
강촌마을8단지,"219000382",126.77994670,37.65622775
백마마을5단지,"219000380",126.78984440,37.65991668
성원에이스아파트,"219000379",126.80034610,37.66144869
풍3동,"219000378",126.80421840,37.66282471
풍3동,"219000375",126.80399110,37.66307660
성원에이스아파트,"219000374",126.80049220,37.66187240
강촌마을1단지,"219000372",126.78439360,37.65828869
강촌마을8단지,"219000371",126.77909650,37.65632254
마두역(중),"219000370",126.77748020,37.65239022
백석역(중),"219000368",126.78605140,37.64450834
농수산물센터,"219000367",126.74664650,37.68204017
대화역,"219000366",126.74741610,37.67598868
백병원(중),"219000365",126.75110170,37.67456252
문촌마을(중),"219000364",126.75584960,37.67248750
주엽역(중),"219000363",126.76089270,37.67028045
주엽초등학교,"219000362",126.76204530,37.66671992
일산노인종합복지관,"219000361",126.76152390,37.66417547
호수공원육교,"219000359",126.76583280,37.65987303
일산동구청(중),"219000356",126.77428740,37.65781606
일산병원,"219000350",126.79232210,37.64527127
백석동우체국,"219000348",126.78632630,37.65009083
장성중학교.대진고등학교,"219000344",126.75063180,37.68038497
대화중학교.종합운동장,"219000343",126.74394270,37.67452883
은빛마을6단지,"218000011",126.82931920,37.63522594
해태쇼핑.중산사거리,"219000335",126.78053780,37.69394108
중산공원.중산파출소,"219000334",126.78019180,37.69084233
한성아파트.중산마을8.9단지,"219000333",126.78045150,37.68903895
우방아파트.강촌마을8단지,"219000331",126.78235150,37.65634899
강촌마을2단지.한신아파트,"219000330",126.78448810,37.65270599
강촌마을2단지.한신아파트,"219000328",126.78511090,37.65217096
동아아파트.강촌마을1단지,"219000327",126.78303210,37.65572648
한성아파트.중산마을8.9단지,"219000325",126.78074200,37.68897709
중산공원.중산파출소,"219000324",126.78047870,37.69082632
해태쇼핑.중산사거리,"219000323",126.78083410,37.69394772
고봉초교.중산고교,"219000322",126.78189720,37.69659764
부대앞,"219000321",126.78373820,37.70725973
탄현큰마을.쌍용아파트,"219000317",126.76407290,37.69908681
탄현큰마을.동성아파트,"219000316",126.76567320,37.69861251
동문태영아파트,"219000313",126.76516360,37.68618134
일산시장,"219000312",126.76995510,37.68434636
현대홈타운.일산서구보건소치매안심센터,"219000311",126.77381860,37.68353434
신일초등학교,"219000310",126.77110380,37.67892478
강선초등학교,"219000307",126.76587420,37.67091714
문화초등학교,"219000306",126.76839060,37.67452602
신일초등학교,"219000305",126.77082800,37.67809866
후동입구,"219000304",126.77466960,37.67920913
현대홈타운.일산서구보건소치매안심센터,"219000302",126.77385600,37.68375382
고양시청,"218000345",126.83189630,37.65613725
신원마을1단지.신원중,"218000226",126.88845680,37.66780043
화도교(중),"218000144",126.86229920,37.60872677
화도교(중),"218000135",126.86107550,37.60965298
허스A,"218000343",126.81763310,37.62551731
고양어울림누리.달빛마을1단지,"218000068",126.83176520,37.64862289
사기막골,"218000251",126.95861920,37.67838016
쥬쥬테마동물원,"218000168",126.85192950,37.68873444
청원.벽산아파트306동,"219000440",126.71676800,37.68959064
활천교회,"219000415",126.70095320,37.68413125
노고산예비군훈련장,"218000250",126.96054090,37.68139090
지축예비군훈련장,"218000248",126.96280890,37.68888202
지축예비군훈련장,"218000247",126.96221500,37.68862275
사기막골,"218000244",126.95860110,37.67885237
제3697공병부대,"218000241",126.95377340,37.66661957
효자동행정복지센터.효자파출소,"218000239",126.94884880,37.66005174
삼송주택앞,"218000224",126.89678250,37.65715275
동산동능모퉁이.한국지역난방공사,"218000221",126.90567720,37.64689333
동산동능모퉁이.한국지역난방공사,"218000220",126.90482040,37.64745098
삼송역사거리.지축차량기지입구,"218000218",126.89802700,37.65524111
삼송주택앞,"218000217",126.89701730,37.65738845
세원마을입구,"218000214",126.88744010,37.67042325
서울시립승화원,"218000213",126.88791060,37.67867752
대자동,"218000212",126.88757490,37.68294217
맨돌,"218000208",126.82338630,37.60727622
별빛공원,"218000204",126.82481770,37.63286436
별빛마을7단지,"218000203",126.82967410,37.63491167
대곡역(중),"218000202",126.81196860,37.63141227
신주택,"218000201",126.79789760,37.62895093
삼성당다리,"218000199",126.80983170,37.62359375
능곡시장,"218000196",126.81982100,37.62063486
능곡전화국,"218000194",126.82341500,37.61796968
능곡초등학교,"218000192",126.81760210,37.62424182
능곡삼거리.금호아파트,"218000191",126.81674460,37.62513918
삼화연립,"218000190",126.81479710,37.62481648
신주택,"218000187",126.79798280,37.62912994
추모공원하늘문,"218000184",126.90646270,37.72522352
푸른마을10단지.대명교회앞,"218000180",126.90120080,37.71490952
신성빌라.동익아파트,"218000179",126.90185610,37.70917782
고양동사거리,"218000178",126.90250100,37.70626013
고양동시장,"218000177",126.90196080,37.70338095
선유동입구,"218000173",126.90055270,37.68837191
부대앞,"218000172",126.89804770,37.68276200
대자삼거리,"218000170",126.88950780,37.68005086
청대골,"218000167",126.84969080,37.68393869
삼릉역,"218000166",126.84985490,37.68018155
내유동,"218000165",126.84354190,37.72477825
한뫼초교.동양아파트,"219000600",126.76722440,37.68631451
중산중학교.중산마을5단지,"219000147",126.78281840,37.69203507
푸르메마을,"219000102",126.79298460,37.70818718
사리현동입구,"219000086",126.84634790,37.69471805
고골입구,"218000162",126.85452940,37.70858681
관산삼거리,"218000159",126.85713730,37.69479092
고양외고.고양제일중학교,"218000158",126.86059160,37.68953201
관산주공아파트.관산동행정복지센터,"218000157",126.86215180,37.68875478
관산동.벽제시장,"218000156",126.86603280,37.68735711
신성아파트,"218000155",126.86784620,37.68735680
서울시립승화원,"218000152",126.88766940,37.67871120
행신도서관,"218000147",126.82620050,37.61968759
가라뫼.소만마을1단지,"218000146",126.84514860,37.61814055
화전역앞(중),"218000143",126.86631970,37.60613283
덕은동(중),"218000140",126.87752210,37.59553136
화전역앞(중),"218000136",126.86681990,37.60591764
행신도서관,"218000133",126.82613910,37.61985716
부대앞.군인아파트,"218000131",126.86768680,37.67352719
송강마을,"218000129",126.87958440,37.67749875
무원마을2.3단지,"218000124",126.83720790,37.61539770
소만마을8.9단지,"218000122",126.84202470,37.61717440
소만마을6.7단지,"218000121",126.84084800,37.61562408
왕릉골,"218000110",126.84937450,37.67440652
윗배다리,"218000108",126.84221260,37.66470252
원릉역,"218000107",126.83937460,37.66297738
명지병원.달빛마을3단지,"218000101",126.83357560,37.64320408
화정2동행정복지센터,"218000097",126.83623480,37.63014872
신원당마을7단지,"218000093",126.83345180,37.65426973
벽제교삼거리,"218000336",126.85401490,37.69317868
행신초등학교,"218000089",126.83624500,37.62278051
행신동삼거리,"218000084",126.83013620,37.61927599
토당초등학교.우창프라자,"218000083",126.82666520,37.61775597
토당초등학교.우창프라자,"218000082",126.82693630,37.61759670
무원고교,"218000080",126.83695710,37.61830364
소만초등학교.소만마을8단지,"218000079",126.84083190,37.61784047
행신동(중),"218000078",126.84278850,37.61918557
화정2동행정복지센터,"218000074",126.83613310,37.63034582
명지병원.은빛마을5단지,"218000070",126.83390400,37.64333005
화정1동행정복지센터,"218000069",126.83448210,37.64599845
성사2동행정복지센터,"218000067",126.83225500,37.65138483
부대앞,"218000063",126.84831410,37.66981870
왕릉골,"218000062",126.84946660,37.67415294
청대골,"218000060",126.84977160,37.68291332
대자삼거리,"218000057",126.88880910,37.67956781
선유동입구,"218000054",126.90078450,37.68915771
고양현대아파트,"218000051",126.90216520,37.70157255
고양동시장,"218000050",126.90212630,37.70356080
벽제초교,"219000082",126.84334250,37.69470915
소개울,"219000069",126.79099740,37.68368075
만자고개,"219000593",126.73828700,37.69676460
정발마을3단지,"219000650",126.78820800,37.66366755
산들마을입구,"219000592",126.77667200,37.68319185
송강마을,"218000227",126.87934530,37.67791556
1군단앞,"218000500",126.91248820,37.71717896
고양동종점,"218000494",126.91178070,37.73134570
서정마을입구,"218000518",126.84903490,37.61712749
백석역2번출구,"219000572",126.78767460,37.64252363
원당래미안아파트,"218000502",126.84109940,37.66076190
안산공원(중),"219000385",126.78492820,37.64550487
탄현2지구.풍림아파트,"219000297",126.76843790,37.69202293
탄현큰마을.쌍용아파트,"219000295",126.76321360,37.69934457
마을회관,"219000293",126.70265460,37.69123939
덕이의류상가.현충공원.태극단사거리,"219000288",126.75753540,37.69223872
덕이동문아파트,"219000273",126.73373490,37.70079672
만자고개,"219000271",126.73907480,37.69636262
송산동행정복지센터사거리,"219000269",126.75145680,37.69058881
송산동행정복지센터사거리,"219000268",126.75151470,37.69072691
중앙하이츠아파트,"219000265",126.73766890,37.69812543
발산중학교,"219000263",126.77082200,37.66902588
일산국제컨벤션고교,"219000262",126.77353740,37.67293089
우리동네,"219000261",126.78980480,37.72174102
설문교,"219000260",126.80085080,37.72920787
일산국제컨벤션고교,"219000256",126.77309670,37.67304158
발산중학교,"219000255",126.77015070,37.66884744
북일산전화국.일산2동행정복지센터,"219000252",126.77626110,37.68495732
약산마을.애니골입구,"219000250",126.79323070,37.67853259
동국대병원사거리,"219000248",126.80619990,37.67316622
고양가구공단,"219000247",126.80771380,37.67170644
식사삼거리.식사공단,"219000244",126.81027370,37.66932563
고양가구공단,"219000243",126.80761440,37.67220981
사단앞,"219000242",126.79722920,37.67806625
약산마을.애니골입구,"219000241",126.79177810,37.67933058
상감천마을,"219000338",126.78549440,37.70950546
성석초교,"219000231",126.81272880,37.70660579
국제공원,"219000227",126.82496240,37.70469188
고양자유학교앞,"219000223",126.83372150,37.72173655
고양자유학교앞,"219000222",126.83392630,37.72174043
세기상운,"219000220",126.82854500,37.71467321
국제공원,"219000218",126.82491260,37.70459285
호수초교,"219000216",126.77825780,37.64619152
호수13블럭,"219000215",126.77862900,37.64331811
흰돌5단지.서안아파트,"219000213",126.78572900,37.64087165
백석역.고양종합터미널,"219000446",126.78964640,37.64421829
샘터마을3단지,"218000339",126.83181260,37.62564780
벽제묘지,"218000307",126.91110430,37.73181511
부대앞,"218000055",126.89825640,37.68260602
백석1동행정복지센터,"219000210",126.79290490,37.65000316
백송마을8.9단지,"219000209",126.79183760,37.65183648
백마한양아파트,"219000208",126.79039760,37.65435913
마두1동행정복지센터,"219000207",126.78925410,37.65632265
국립암센터,"219000204",126.78382150,37.66555482
초가집.저동고교,"219000203",126.78124840,37.66997178
정발산동행정복지센터,"219000202",126.77983800,37.67234718
후곡한양아파트,"219000199",126.76672370,37.67845194
대화역,"219000193",126.74753850,37.67638962
일산동구청(중),"219000191",126.77472830,37.65743757
강선마을(중),"219000190",126.76621770,37.66750890
주엽역(중),"219000189",126.76163420,37.67006685
일산시장,"219000301",126.76995130,37.68455722
동문아파트,"219000300",126.76516790,37.68644820
탄현동문아파트,"219000298",126.76704050,37.69005039
현산초교,"219000181",126.77089730,37.69312529
한뫼도서관.명문자동차학원,"219000180",126.77557910,37.69391983
중산마을2단지.해태쇼핑.코오롱아파트,"219000179",126.77885300,37.69352259
중산마을10단지.동신아파트,"219000176",126.77887920,37.68749823
정발마을1단지,"219000170",126.78880590,37.66621214
백석초등학교,"219000167",126.78847230,37.65223129
백신초교,"219000165",126.78177910,37.64349886
백석중학교,"219000164",126.78215220,37.64065337
백석동.요진와이시티(중),"219000163",126.79057810,37.64101253
흰돌마을.서안아파트,"219000161",126.78563710,37.64131296
백석중학교,"219000160",126.78228170,37.64101996
금계초등학교.이마트,"219000158",126.78290330,37.64965985
산들마을.대림아파트.롯데마트,"219000151",126.77829820,37.68190611
중산마을10단지.동신아파트,"219000149",126.77886610,37.68727247
중산마을11단지.현대아파트.삼성아파트,"219000148",126.78290120,37.68817154
탄현마을,"219000144",126.77136990,37.69347023
일산복음병원.일산하이병원,"219000240",126.78049970,37.68246730
북일산전화국.일산2동행정복지센터,"219000239",126.77623720,37.68510196
두테비,"219000235",126.79695760,37.70677061
마골,"219000571",126.80973750,37.70814051
성저초등학교,"219000134",126.75194040,37.68547517
예비군훈련장.성저3.4단지,"219000132",126.74680510,37.67869088
일산동부경찰서(중),"219000131",126.76950440,37.66401241
일산동부경찰서(중),"219000130",126.77011950,37.66363692
문촌마을(중),"219000129",126.75646120,37.67234002
백병원(중),"219000128",126.75165040,37.67444041
예비군훈련장.성저3.4단지,"219000127",126.74783640,37.67952941
농수산물센터,"219000126",126.74993140,37.68261583
서울도시가스,"219000124",126.75956190,37.68877837
숲속마을.은행마을입구,"219000475",126.80308040,37.66617257
소만마을8.9단지,"218000321",126.84179660,37.61694981
세원고교입구.동국대병원사거리,"219000466",126.80543470,37.67287496
세원고교입구.동국대병원사거리,"219000465",126.80520370,37.67304960
숲속마을7.9단지,"219000464",126.80188700,37.67282592
숲속마을4.5단지,"219000460",126.80015540,37.66908861
숲속마을4단지,"219000459",126.80032760,37.66844450
행신초등학교(중),"218000319",126.83809880,37.62196907
행신동(중),"218000318",126.84210960,37.61931286
행신초등학교(중),"218000317",126.83753590,37.62217619
알미공원(중),"219000454",126.78435490,37.64577709
흰돌마을(중),"219000453",126.78137280,37.64817178
호수마을(중),"219000452",126.78071990,37.64850339
고양종합운동장.일산서구청,"219000451",126.74401950,37.67792219
상곡마을,"218000314",126.90534360,37.72270350
청원.벽산아파트306동,"219000441",126.71735730,37.68981746
철산아파트.탄현역앞,"219000123",126.75991770,37.69489332
현대파크아파트.양우아파트,"219000122",126.73442030,37.67012209
대화중학교.종합운동장,"219000119",126.74446300,37.67460978
장성중학교.대진고등학교,"219000118",126.75092950,37.67999550
문촌마을6.7단지.쌍용아파트.기산아파트,"219000116",126.75874310,37.67658078
오마초등학교,"219000115",126.76252690,37.67745118
후곡롯데아파트,"219000114",126.76674400,37.67802183
벽제묘지,"218000310",126.91106120,37.73195278
장단상회,"218000309",126.90989190,37.72964279
계명상회,"218000306",126.91233710,37.73622227
삼송역5번출구,"218000284",126.89351180,37.65349861
흥도동행정복지센터,"218000281",126.85427730,37.64785013
훼릭스,"218000280",126.86149390,37.64845978
원흥동,"218000278",126.87422590,37.64751099
삼송마을18.19단지,"218000277",126.88179460,37.65028984
삼송마을20단지,"218000276",126.88682390,37.65163252
세수동,"218000275",126.88993210,37.65245451
훼릭스,"218000269",126.86100330,37.64865261
(구)효자동주민센터,"218000265",126.91989150,37.65260258
참절,"218000264",126.92071540,37.65696077
효자동.산막골,"218000260",126.91977820,37.66472784
참절,"218000259",126.92045180,37.65698454
(구)효자동주민센터,"218000258",126.91974740,37.65263373
효자동주민센터.효자파출소,"218000256",126.94897460,37.65977628
관세농원,"218000255",126.95227740,37.66395956
효자2통,"218000252",126.95614460,37.67470648
초가집.저동고교,"219000111",126.78091900,37.66972993
국립암센터,"219000110",126.78357500,37.66521944
현대공업사,"219000099",126.79114330,37.68366801
사당골,"219000097",126.79746380,37.69331006
진밭,"219000095",126.79858670,37.69919169
홀트학교,"219000187",126.77218180,37.69500749
황룡초교,"219000185",126.76844840,37.69782166
상탄초교,"219000183",126.76736160,37.69511053
현대그린아파트.예술인력개발원,"219000081",126.83873620,37.69722720
순복음영산교회,"219000080",126.83559180,37.69809288
상촌마을,"219000078",126.82873840,37.70049387
안골,"219000071",126.79837310,37.68970481
박애원,"219000258",126.79624010,37.72577942
일산역,"219000064",126.76993090,37.68146213
우편집중국,"219000062",126.78651050,37.63784398
일산역,"219000061",126.76893750,37.68156884
탑골마을,"219000060",126.71039130,37.69477332
성재공단입구,"219000056",126.73012430,37.69504178
동국대병원사거리,"219000054",126.80606010,37.67366752
덕이동문2차아파트,"219000053",126.73410470,37.69578617
문촌초등학교,"219000047",126.75982260,37.67409950
백마중학교,"219000043",126.79326010,37.65429168
문촌초등학교,"219000042",126.75987110,37.67361455
백송마을1.2단지,"219000041",126.79125620,37.65205737
백석도서관.일산병원,"219000040",126.79303930,37.64763778
양조장입구,"218000003",126.82742900,37.65817619
우리동네,"219000032",126.78946210,37.72170286
청석궁.성석동감내,"219000029",126.78865870,37.71399067
장고개,"219000028",126.79342120,37.72447397
농수산물센터,"219000024",126.74625900,37.68197165
백석역6번출구,"219000015",126.78833140,37.64359288
탄현마을5.6단지,"219000141",126.76707110,37.69694017
황룡초교,"219000140",126.76860180,37.69762711
홀트학교,"219000138",126.77210520,37.69470442
일산노인종합복지관,"219000006",126.76157620,37.66455663
경기영상과학고교,"219000005",126.76174160,37.66598050
상촌마을,"219000091",126.82866290,37.70035148
사리현동.벽제교삼거리,"218000333",126.85354530,37.69387892
사리현동입구,"219000083",126.84608510,37.69487586
호수초교,"219000012",126.77827040,37.64575907
이마트,"219000011",126.78065520,37.64779976
홈플러스,"219000009",126.76919740,37.65882294
호수공원,"219000008",126.76729500,37.65886498
대우.삼성오피스텔,"219000007",126.76471440,37.66155133
효자비,"218000242",126.95521270,37.67143566
정식암,"218000305",126.91313360,37.73996873
세수동,"218000274",126.88998750,37.65274619
무원마을2.3단지,"218000120",126.83695080,37.61564800
서원,"218000238",126.81784960,37.59994770
신원교,"218000228",126.88287120,37.67803979
능곡화원,"218000207",126.82292130,37.61399826
덕양구청,"218000072",126.83157170,37.63733513
가장동,"218000161",126.85711710,37.70565154
주말자연농원입구,"219000436",126.70908160,37.68298424
리스쇼핑.원당시장,"218000113",126.83777520,37.65582091
화정1동행정복지센터,"218000102",126.83406590,37.64601612
샘터마을2단지,"218000088",126.83909120,37.62102437
일산병원,"219000352",126.79236950,37.64499894
벽제교삼거리,"218000335",126.85418300,37.69317796
내유동,"218000021",126.84334030,37.72541182
가좌동.구종점,"219000424",126.71756930,37.68405547
송산동행정복지센터,"219000389",126.75386050,37.69105621
홈플러스,"219000358",126.76962730,37.65872904
세기상운,"219000225",126.82862400,37.71457861
백석역.고양종합터미널,"219000329",126.79012450,37.64508716
탄현큰마을.동성아파트,"219000296",126.76597750,37.69881031
탄현마을6.7단지,"219000139",126.76973840,37.69672854
일산시장,"219000253",126.77002340,37.68654243
벽제초교,"219000087",126.84325470,37.69462276
억척목장,"219000219",126.82302670,37.71326043
장성초교,"219000194",126.75065900,37.67762491
문봉빌라단지,"219000108",126.81870130,37.70414531
오미산주유소,"219000101",126.78894270,37.70982873
문봉고개,"219000090",126.83123750,37.69852795
미주5차아파트.현산중학교,"219000489",126.77464910,37.69124920
덕이동문2차아파트,"219000055",126.73481870,37.69579882
식사동,"219000034",126.81012970,37.66904850
백마마을1.5단지,"219000019",126.78783250,37.65799969
용현초교.행신중학교,"218000516",126.83905300,37.61480177
구.한산기업,"219000084",126.84959930,37.69430895
중산1단지,"219000448",126.77877030,37.69720652
원당대림아파트,"218000503",126.83982680,37.66002920
수역이마을,"218000514",126.84604470,37.66553611
동국대병원정문,"219000583",126.80702860,37.67607344
난지도하수처리장,"218000230",126.84874060,37.58494652
섬말다리,"218000490",126.79373790,37.63216351
애니골입구,"219000605",126.79200830,37.67437637
풍산역,"219000606",126.78615020,37.67411773
애니골입구,"219000607",126.79187430,37.67457640
풍산역,"219000608",126.78607240,37.67388678
저동중고교,"219000609",126.77828630,37.66980399
저동중고교,"219000610",126.77802390,37.66997731
성저마을14단지,"219000618",126.75805970,37.67911473
신일비즈니스고등학교,"219000620",126.76050250,37.68260925
장촌공원사거리.일산백병원입구,"219000621",126.75345770,37.67293547
현대백화점,"219000626",126.75042630,37.66956320
주엽역사거리,"219000629",126.75800700,37.67092083
탄현동문아파트,"219000636",126.76704210,37.69947606
일산가구단지사거리,"219000637",126.76014240,37.69939195
풍산역,"219000638",126.78725790,37.67317654
주엽역사거리,"219000630",126.75772790,37.67110004
1군단앞,"218000498",126.91151400,37.71630906
한수초등학교,"219000628",126.75631310,37.66899507
정발고등학교,"219000205",126.78671500,37.66070480
강선마을(중),"219000192",126.76540640,37.66795386
탄현2단지.삼익아파트,"219000182",126.76778350,37.69355143
백신고교,"219000159",126.78236430,37.64366945
쌍용아파트.중산마을입구,"219000150",126.77784520,37.68551814
서울도시가스,"219000135",126.75920810,37.68875183
건설산업혁신센터,"219000120",126.74145350,37.67315038
일산3동행정복지센터,"219000113",126.77226930,37.67564677
탄현마을6.7단지,"219000186",126.76945260,37.69750281
탑골마을,"219000048",126.71055830,37.69484164
백석도서관.일산병원,"219000039",126.79292910,37.64693831
일산동중학교,"219000142",126.76758910,37.69513050
고봉동행정복지센터,"219000092",126.82631260,37.70151914
하감천마을,"219000487",126.78589590,37.71632816
서정마을(중),"218000134",126.85205390,37.61542668
고봉초교.중산고교,"219000336",126.78165520,37.69676938
안곡중고교,"219000558",126.78707270,37.68166137
가좌양우대우아파트,"219000442",126.71612660,37.68704021
만자고개,"219000594",126.73797480,37.69679367
고양시도로관리사업소차량등록과,"219000478",126.80760400,37.66401060
백석8블록,"219000353",126.78982920,37.64688198
신촌초등학교,"219000285",126.76459540,37.68098742
고흥주유소,"219000105",126.80541230,37.70901066
박애원,"219000566",126.79576720,37.72594297
오목촌,"219515000",126.82062350,37.70991482
도래울마을5.6단지,"218000681",126.86747330,37.62836470
더샵그라비스타.이마트킨텍스점,"219000913",126.74479240,37.66250273
도래울마을수변공원,"218000754",126.87459500,37.62905400
서정마을6.9단지,"218001201",126.85238200,37.61753458
산황동입구,"218000844",126.81933430,37.66406534
서촌,"219001090",126.71758230,37.67038266
장군묘앞,"218001207",126.87892070,37.70676466
새마을금고,"218001286",126.87778990,37.59585079
세종명가빌라,"218001248",126.89838520,37.70265282
성사중학교,"218001253",126.84375570,37.66344930
송산9통,"219000655",126.72439270,37.69324794
백마골프장,"219001049",126.79425360,37.66131929
윗말,"218001291",126.91207180,37.69333318
덕은양묘장,"218000591",126.85711540,37.58265841
5단지엘지.신성아파트앞,"218000997",126.83496010,37.64215162
동문3차아파트,"219000813",126.74262460,37.70126976
농수산물도매시장후문,"219000685",126.74415880,37.68235881
월촌마을,"218001243",126.91213110,37.69158393
서정마을1단지.덕양행신종합사회복지관,"218001070",126.84648510,37.62099423
곡산역,"219001006",126.80146340,37.64505225
현대백화점후문,"219001133",126.75098510,37.66697758
대장골입구,"218001136",126.85336850,37.63849876
킨텍스원시티3단지,"219000578",126.75150870,37.66140084
화수중고(마을),"218000896",126.83388460,37.64470501
토끼굴앞,"219000883",126.72512970,37.66073784
양지말,"218000617",126.86496120,37.59396790
푸른마을10단지입구,"218001254",126.90336730,37.71456253
신원당600단지,"218000858",126.83516640,37.65270337
성저마을11단지,"219000986",126.76009540,37.68435223
고봉4통마을회관,"219514120",126.81616350,37.72186159
부대앞,"218000614",126.87232790,37.59283220
DMC리슈빌.DMC호반2.3단지,"218001355",126.88839420,37.59401783
일산중심병원,"219000731",126.74744330,37.70011550
원신동행정복지센터(마을),"218000856",126.87660670,37.67690171
스타필드고양,"218000718",126.89478560,37.64557727
강선마을16.17단지,"219000748",126.76514780,37.66450424
애덕의집.봉덕사,"218000624",126.89530920,37.72383662
도내동,"218000722",126.85968140,37.62978826
원흥동,"218001277",126.87434900,37.64742842
은못이사거리,"218001130",126.85768070,37.62758149
원골마을회관,"218000597",126.86420270,37.58136125
가덕교,"219001127",126.72866280,37.68661976
위시티1.3단지,"219000775",126.81085140,37.68246393
고골입구,"218000785",126.85551150,37.70916404
SK주유소,"219000960",126.78315270,37.63470242
전촌마을,"219000035",126.81821730,37.71593420
일산동구청,"219001077",126.77558940,37.65780373
사리현마을,"219000943",126.84641260,37.70256067
마을회관,"218001275",126.87117910,37.64553704
산황3교,"219001085",126.80359490,37.65261991
내곡1동,"218001222",126.80664660,37.64377821
명진검사소,"219000807",126.82248000,37.70064882
일산두산위브더제니스,"219001166",126.76458230,37.69475289
신원마을2단지정문,"218001159",126.89313220,37.66522608
고양동산초등학교.창릉동행정복지센터,"218000640",126.88581210,37.64580597
양조장,"218000537",126.82771000,37.65752614
한솔무역,"219000709",126.80497460,37.70296977
용정초교,"218001340",126.83050030,37.64077753
탄현역,"219001107",126.76036280,37.69378381
독곶이,"218000924",126.82176940,37.65639558
위시티1단지후문.양일초교,"219001031",126.81369520,37.68354284
경남식당,"218000673",126.91984400,37.65957486
부경카센타,"219000850",126.81925900,37.68094942
GS자이아파트후문,"219000876",126.72951510,37.66925693
행복한.더조은요양원,"219000934",126.83846490,37.71800522
푸른농장,"219000864",126.70441540,37.67064174
대화교통사무실,"219000801",126.72774630,37.66650609
용두5통앞,"218000576",126.88292310,37.62398003
장월슈퍼,"219000797",126.68393060,37.68346714
화수고등학교앞,"218001065",126.83675410,37.64455893
그레이스빌,"218001086",126.83577600,37.66053074
두배로마트,"219000708",126.80767800,37.70681258
고양초등학교.소방서,"218000953",126.90047860,37.70360975
행신2동행정복지센터,"218000971",126.83430720,37.61498957
벽제초등학교,"219000945",126.84452520,37.69552604
성저마을6단지,"219000976",126.75166080,37.68245901
경찰교육훈련센터,"218001348",126.84871060,37.72952904
흥도초등학교,"218000186",126.87171820,37.62721456
로데오거리,"219000821",126.75634540,37.69235592
장미농원,"219000886",126.71931630,37.66893379
원당2동경로당,"218001154",126.85898970,37.67680176
소만마을(중),"218000637",126.84660510,37.61773531
덕은동원골,"218000596",126.86227180,37.58169416
오렌지마트,"219001023",126.82057220,37.69723814
동문굿모닝힐2차오피스텔,"219001015",126.78864340,37.63954732
마쟁이골,"219000687",126.83725380,37.71221502
메이플하우스,"218000326",126.84565550,37.73174423
행복한.더조은요양원,"219000935",126.83880420,37.71772670
원당골,"218000878",126.85985840,37.67704704
라온빌라,"218000797",126.85439270,37.71611772
예중아파트,"218000933",126.83020330,37.66174506
양지말,"218000585",126.86525290,37.59578866
돌바위집,"219000891",126.72288810,37.66539890
DMC해링턴플레이스,"218001362",126.89506650,37.60705971
숲속마을.은행마을입구,"219000476",126.80280400,37.66620098
숲속마을7.8단지,"219000461",126.80053950,37.67153485
정발산동행정복지센터,"219000449",126.77932950,37.67238223
가좌양우대우아파트,"219000443",126.71585820,37.68629985
원당역,"218000282",126.84346560,37.65276602
지축동,"218000257",126.92106160,37.64704415
상미조경,"218000249",126.96153830,37.68507477
옥빛마을16단지,"218000232",126.83093480,37.62668320
행주동행정복지센터.능곡전화국,"218000206",126.82469070,37.61821492
능곡전화국,"218000195",126.82357060,37.61759045
섬말다리,"218000338",126.79369770,37.63185012
두포동.관산동성당,"218000160",126.85767040,37.70214444
필리핀참전비,"218000154",126.87402220,37.68780017
낙타고개.원당골,"218000132",126.86242290,37.67452161
부대앞,"218000109",126.84832730,37.66993684
신원당마을입구,"218000091",126.83729760,37.65417662
행신동삼거리.무원마을10단지,"218000081",126.83159790,37.61904385
응달촌,"218000052",126.90260830,37.69849738
보광주유소,"218000042",126.90780190,37.72627042
관산삼거리,"218000028",126.85730970,37.69524993
능곡병원,"218000018",126.82341870,37.62707954
별빛공원,"218000010",126.82441000,37.63281026
송포초교,"219000425",126.72163080,37.68521986
한뫼초교.일산중고교,"219000410",126.76679820,37.68705534
유화프라자,"219000398",126.76385530,37.67436226
마두역(중),"219000383",126.77804450,37.65171698
백마마을5단지,"219000373",126.78939060,37.66011408
호수공원,"219000360",126.76475750,37.66101046
대곡역(중),"218000012",126.80971160,37.63137871
신일중학교,"219000332",126.77544360,37.67648870
문화초등학교,"219000309",126.76871640,37.67547269
새마을금고,"218001285",126.87795550,37.59568905
사리현공단입구,"219000038",126.84044610,37.70595523
대원자원,"219000962",126.78185530,37.63577773
대화마을2.3단지,"219001129",126.73109290,37.67188818
지영교,"219001161",126.83759170,37.72310021
영일자원,"218000587",126.85694620,37.58650361
5단지삼성.삼익아파트앞,"218000739",126.83704650,37.64339808
문촌17단지신안아파트,"219000659",126.75844340,37.66614514
용두삼거리,"218000658",126.88142280,37.62462337
지도초.중학교,"218000993",126.83560980,37.62749499
은행마을사거리,"219000950",126.80475300,37.66621649
화정역3번출구,"218001359",126.83224800,37.63483588
백석동.요진와이시티(중),"219000386",126.79111060,37.64085642
덕이초등학교,"219000279",126.74878390,37.69183164
청석궁.성석동감내,"219000257",126.78840850,37.71423348
식사오거리,"219000245",126.81329280,37.66662976
부대앞,"219000337",126.78333580,37.70718686
이마트,"219000217",126.78038270,37.64798846
방범초소,"218000900",126.83740020,37.66376619
마로어린이집,"218000786",126.85682630,37.71020686
하늘마을3단지,"219000905",126.78351580,37.67650621
용현마을사거리,"218000654",126.88739770,37.64129792
휴그린2차.클래식,"218000313",126.84268150,37.72967421
은못이사거리,"218001129",126.85781080,37.62753733
관산동성당,"218001338",126.85992800,37.70151971
가좌마을6단지후문,"219001116",126.72472870,37.68999799
푸른마을10단지11동앞,"218001212",126.90328500,37.71798199
5단지미도파아파트앞,"218001021",126.83392580,37.64143098
오거리농장,"218000914",126.81713970,37.65069541
안곡초등학교,"219000754",126.78101330,37.68509952
하늘소리요양원입구,"218000513",126.88973000,37.71051157
용두동,"218000521",126.87877460,37.62261617
오금동종점,"218001164",126.90311380,37.67098528
현대카센타,"219000855",126.82008040,37.68594012
송포교회.노루뫼,"219000468",126.69882710,37.68321314
부대앞,"218001246",126.91453100,37.69793959
새마을마을회관,"218000884",126.85443110,37.67057442
배밭집,"218000918",126.82028030,37.65274185
중앙하이츠아파트후문,"219000742",126.73949940,37.69915736
고양세무서,"219001004",126.76979100,37.66095158
햇빛마을23단지,"218000966",126.83947380,37.62405507
벌말입구,"218000657",126.88275340,37.63532455
고양세무서,"219001003",126.76954710,37.66090757
편의점앞,"218001316",126.86020890,37.70499092
고양송암고등학교,"219000771",126.78255830,37.70497994
행신교회,"218000965",126.84298240,37.62293669
화평교회,"219000896",126.80989470,37.65019917
블루베리농장,"218001309",126.89278240,37.69729106
세기마을입구,"218001082",126.84783420,37.66477662
위시티3.4단지,"219000705",126.81309180,37.68094981
마을회관앞,"218000609",126.87658280,37.58917145
신원당800단지,"218000861",126.83570970,37.65271584
하늘마을4단지,"219000912",126.78537090,37.67475753
주교동행정복지센터,"218000935",126.83030410,37.66065307
지축역,"218000952",126.91427470,37.64910284
중부대학교입구,"218000811",126.88762200,37.71132600
향동숲내초등학교.DMC호반4단지,"218001357",126.89224450,37.59532007
덕양노인복지관,"218000925",126.83588030,37.64876352
하이마트사거리,"218001044",126.83391230,37.62485813
중대장동입구,"218001231",126.81648600,37.63830131
무원마을10단지.서광아파트,"218001043",126.83233520,37.61858541
선인장앞,"219000867",126.71092650,37.66787634
새벽교회,"218000840",126.85940780,37.72193805
덕은양묘장,"218000592",126.85766970,37.58230140
현대카센타,"219000856",126.82023230,37.68594610
용두5통앞,"218000575",126.88281690,37.62390061
양우드라마시티,"219000845",126.77306210,37.65583418
롯데마트고양점,"218000998",126.83617010,37.62551774
무원마을1단지.소만초교,"218000962",126.83881550,37.61720970
성원아래정류장,"219001047",126.79575500,37.66259922
소개울,"219000931",126.78935200,37.68340634
자유로주유소,"219000970",126.76080330,37.64908183
애덕의집.봉덕사,"218000623",126.89520100,37.72371008
장항굴다리,"219000968",126.76193510,37.64708129
뉴코아백화점,"219001078",126.77768540,37.65430596
삼송도서관.고양중,"218001263",126.88488830,37.64869466
호수공원관리사무소,"219000757",126.76846580,37.65626027
가장동삼거리,"218001318",126.85845160,37.70472727
부영아파트,"219000693",126.76651140,37.69430421
설문2교,"219000759",126.82456740,37.72402373
태성식품,"218001228",126.81901910,37.64152419
방앗골,"218001124",126.85877590,37.62272208
마을회관,"218001003",126.85481100,37.59113267
원당골,"218000877",126.85986520,37.67712345
달빛마을1단지분수대앞,"218000742",126.83231100,37.64706000
용두2리,"218000526",126.89027260,37.62788050
가좌고등학교,"219001120",126.71939090,37.68802980
새마을입구,"218000886",126.85537830,37.66839512
서초아파트입구,"218000943",126.83056550,37.66265380
대우자동차센터,"218000850",126.80722450,37.64003506
하늘초교입구.오병이어교회,"219000930",126.78797380,37.67856670
경기축산,"218000815",126.88106540,37.71112170
양조장,"218000928",126.82638780,37.65780195
중대장동입구,"218001232",126.81643190,37.63831124
용두사거리,"218000563",126.88260670,37.62991994
용두사거리,"218000560",126.88189650,37.62883216
하늘마을6단지,"219000928",126.78716210,37.68291956
강촌마트,"219000683",126.80316480,37.72375313
신원마을9.10단지,"218000669",126.88536060,37.66094362
신원당500단지,"218000860",126.83616400,37.65247036
일산농협,"219000915",126.77438040,37.64095576
장항1동행정복지센터,"219000906",126.77034940,37.64243506
윤창아파트,"218000602",126.87214770,37.58181428
행신초등학교,"218000979",126.83573150,37.62185989
퍼스트가든,"219001176",126.79541010,37.73220624
성저마을8단지,"219000981",126.75551730,37.68537971
두배로마트,"219000734",126.80777230,37.70675043
대장1리마을회관,"218000852",126.82006540,37.64229794
함지박,"219000941",126.84578480,37.70639659
차고지,"219000857",126.77681050,37.69669786
가좌마을.킴스.벽산A509동,"219000444",126.71899030,37.69139929
한영하이츠,"219000798",126.78983290,37.71491439
한뫼초교.동양아파트,"219000781",126.76712370,37.68639072
샘터마을1단지.무원고등학교,"218000541",126.83902920,37.61914619
꽃길,"219000830",126.82912310,37.71768866
메이플하우스,"218000327",126.84561700,37.73178157
벽산아파트후문,"218001237",126.83325610,37.66550063
단독주택단지,"218000687",126.87637650,37.64397957
두신마을입구,"219001110",126.72449870,37.69542512
고양국제고등학교,"219000773",126.80811890,37.68367979
고양송산중학교,"219000494",126.72245250,37.68839420
배드민턴클럽,"218001188",126.90063290,37.70638993
선유다리,"218000780",126.91197180,37.67619226
서정중학교,"218000759",126.84935570,37.61924966
청구아파트,"218001024",126.89764600,37.70601154
항공대학교,"218001214",126.86639430,37.59965321
덕양구청후문,"218001022",126.83242940,37.63781287
원흥주유소,"218000554",126.86522990,37.64025105
국립암센터,"219000994",126.78471640,37.66237630
이케아.롯데아울렛고양점,"218001326",126.86440100,37.62753831
지영동,"219000713",126.82880460,37.72301632
백송마을3단지,"219000824",126.78900740,37.64890706
장월슈퍼,"219000418",126.68364370,37.68342837
대장1리마을회관,"218001227",126.82002900,37.64234326
평산빌라,"218000807",126.89402350,37.70678365
항공대학교동문,"218001067",126.86662780,37.60211579
가좌동성당,"219001111",126.72656170,37.69773201
성저마을5단지,"219000975",126.75052450,37.68137318
마을삼거리,"218000855",126.88560720,37.63412671
힐스테이트일산,"219000585",126.74565020,37.66630877
오목촌,"219001149",126.82961750,37.71241787
되레지,"219000744",126.71346010,37.69020950
향동숲내초등학교.DMC호반4단지,"218001358",126.89225700,37.59575646
방범초소,"219000873",126.72361480,37.66247589
무지개마을,"219000661",126.80987400,37.71907224
구제거리,"219515030",126.81976400,37.68998605
밤가시7.8단지.광림교회,"219001058",126.78296050,37.67178948
돌바위집,"219000890",126.72285560,37.66535181
구식사소방소앞,"219000794",126.82113460,37.68252175
화전역앞,"218000540",126.86958710,37.60279984
라자가구,"218000781",126.89273980,37.61208232
달빛4단지후문,"218001342",126.83182300,37.64071638
성저마을10단지,"219000984",126.75864990,37.68497303
숲속마을1단지,"219001046",126.79701770,37.66388632
고양가구3단지입구,"219000777",126.80341470,37.68199893
햇빛마을21단지,"218001108",126.84102030,37.62817162
관산주공아파트.관산동행정복지센터,"218000725",126.86210230,37.68900536
mbc송출국,"218001142",126.80078070,37.62245986
현천동일신농장,"218000590",126.85660710,37.58555896
풍산동행정복지센터,"219001042",126.79932950,37.66405291
화수고등학교앞,"218001064",126.83699490,37.64487611
한라아파트.대송중학교후문,"219000987",126.73113010,37.67147353
원신5통.안터마을,"218000683",126.88201890,37.67220572
삼영기업,"218001151",126.85177760,37.72088372
부대앞,"218000564",126.88608130,37.62870140
삼능교회,"218000881",126.85050090,37.67634809
햇빛마을23단지,"218001089",126.83747260,37.62358557
고양외고기숙사,"218509990",126.86250130,37.68945490
용두삼거리,"218000659",126.88169490,37.62510327
새마을입구,"218000885",126.85533460,37.66844827
위시티2.4단지,"219000920",126.81568360,37.68048615
국방대학교아파트,"218000776",126.87430690,37.58209216
대자동마을회관,"218000822",126.87816600,37.69765795
엘리시아,"218000765",126.86776440,37.71399316
단독주택단지,"218000688",126.87627420,37.64362728
도촌교,"219000868",126.71707780,37.66512687
신생당한의원,"218000795",126.86469170,37.71345472
이케아.롯데아울렛고양점,"218001325",126.86448390,37.62733949
용두2리,"218001192",126.88991770,37.62605618
삼송마을1602동앞,"218000519",126.88294860,37.65150922
라자가구,"218000512",126.89265460,37.61208925
성원아래정류소.에이스아파트,"219001070",126.79582620,37.66239762
덕은동종점,"218000604",126.87487140,37.58097747
신원당900단지,"218000864",126.83744230,37.65367199
무원마을9단지.기산아파트,"218001042",126.83231690,37.61664828
금모래슈퍼.보건소후문,"218000938",126.83207690,37.65945730
대화마을입구삼거리,"219000653",126.73583550,37.66713902
일산서부경찰서,"219001151",126.74190740,37.67925451
하이파크시티2.4단지,"219000663",126.75077670,37.69942976
하이파크시티1단지,"219000671",126.75520720,37.70345715
도내동,"218001360",126.85963320,37.62993368
동서기획,"218000819",126.87904020,37.70036961
은장고개,"219000729",126.73827070,37.70120123
송포교회.노루뫼,"219000792",126.69878920,37.68340155
개선스포츠,"219000989",126.79549620,37.72912281
고양시청,"218001194",126.83383800,37.65839783
화전사거리,"218000647",126.86822880,37.60559201
동국대병원후문,"219509830",126.80537490,37.67752617
영일자원,"218000588",126.85682030,37.58658995
고양예고후문,"219000721",126.74440680,37.69819477
도래울마을2.3단지,"218000693",126.86974700,37.63279003
도래울마을4단지,"218000930",126.87362900,37.63054139
소만마을1.2.3단지,"218001032",126.84519540,37.61634327
고양어울림누리(마을),"218000782",126.83442250,37.64757263
일산중심병원입구,"219000719",126.74611410,37.69874680
솔개마을입구,"218001054",126.87701500,37.65427243
신원상가앞,"218000732",126.89057250,37.66390664
현대모터스튜디오고양,"219001155",126.74753680,37.66578893
덕양우체국,"218001061",126.83474740,37.63705393
현천동,"218000582",126.85985290,37.58948797
설문2교,"219000760",126.82486370,37.72399403
우인아파트,"218000948",126.83416710,37.66572110
장월목장,"219000796",126.68826950,37.68285506
삼송마을20단지후문,"218001262",126.88804110,37.64947116
푸르지오아파트,"219001146",126.77399260,37.68970891
문봉주유소,"219000922",126.81652570,37.70525285
상골,"219000652",126.81081320,37.71472280
은행마을3단지,"219001072",126.80721860,37.67161238
백석역5번출구,"219001179",126.78775390,37.64356544
킹스빌타운.미성빌라,"218001345",126.84812060,37.72818791
서정마을1단지후문,"218000769",126.84738860,37.61808472
고골전원마을입구,"218000801",126.87499270,37.71712743
가덕교,"219001128",126.72826490,37.68641591
2단지라이프아파트앞,"218000932",126.83716960,37.64566171
메디누리병원,"219000690",126.76269700,37.69116435
도래울마을1단지,"218000690",126.87337920,37.63630915
소개울,"219000289",126.78945040,37.68334883
동화길,"218001283",126.87553440,37.59856032
단풍마을1단지,"219001048",126.79615890,37.66325142
동산고등학교,"218000547",126.88674130,37.64244754
산황동입구,"218000843",126.81905150,37.66383966
용두초등학교앞,"218000572",126.89454350,37.62099442
국군고양병원,"218000619",126.89925630,37.71911241
용두초교후문,"218000233",126.89349050,37.62057988
서원,"218001165",126.90240330,37.65339973
용두7통앞,"218001353",126.89023230,37.61827240
하늘마을4단지,"219000581",126.78653640,37.67492952
다리앞,"218000835",126.86073270,37.72251305
구식사소방소앞,"219001028",126.82101280,37.68252244
독곶이마을회관,"218000922",126.82128180,37.65392155
성보화학,"218000599",126.86817840,37.58132208
용두초등학교앞,"218000571",126.89450260,37.62113844
태영아파트,"219001102",126.75631500,37.69392252
도촌,"219000860",126.69837230,37.66940520
원당대림e편한세상,"218000876",126.83952150,37.65937985
고양국제고등학교,"219000774",126.80804980,37.68356347
예비군훈련장,"218000649",126.87522680,37.61679100
서오릉길교차로,"218000566",126.89529710,37.62646423
풍동고.다솜초교.풍동도서관,"219001040",126.79609660,37.67120587
원흥역4번출구,"218001265",126.87229040,37.65076999
시립도서관,"218001047",126.82841120,37.61936170
신원마을7단지,"218000961",126.88469340,37.66574358
합동택배,"219001113",126.72459020,37.70163300
화전동행정복지센터,"218001281",126.87261540,37.59988952
선유동,"218001051",126.90352470,37.68057635
가좌도서관,"241501020",126.71973900,37.68655161
일산농협,"219000837",126.77464350,37.64098903
희망양로원,"218000829",126.85302520,37.71919375
포도농원,"219000846",126.76060780,37.65298904
고양.화정터미널,"218000730",126.83388930,37.63376880
쌍굴입구,"218000612",126.87553570,37.59210837
달걀부리마을,"218000543",126.87702810,37.64571097
신원당500단지,"218000919",126.83691600,37.65176962
5단지삼성.삼익아파트앞,"218000741",126.83691960,37.64321718
항공대학교,"218000579",126.86626020,37.59962476
국립암센터,"219000805",126.78462040,37.66253332
한샘교회,"218001229",126.81740190,37.64075652
쌍용아파트,"219001055",126.78774230,37.67025882
삼림우인아파트후문,"218000907",126.83557130,37.66487090
문봉요양타운,"219000068",126.83236960,37.70232749
더모아빌,"218000630",126.85584870,37.71562554
서정마을5단지,"218001012",126.84629040,37.61580502
무원마을8단지신안아파트.농협앞,"218001040",126.83232560,37.61478603
원흥역7번출구,"218001052",126.87517790,37.65131867
은행마을1단지,"219000843",126.80416130,37.66436013
동문3차아파트,"219000724",126.74184500,37.70041438
고양.화정터미널,"218000731",126.83390490,37.63392703
토당KCC아파트,"218000539",126.81992340,37.62804699
지영마트,"219000833",126.82692200,37.71420765
하이파크시티2.3단지,"219000669",126.75303990,37.70045053
회관앞,"219000892",126.72518480,37.66569773
하늘마을2단지정문,"219001067",126.78517280,37.68084617
도래울7단지,"218000534",126.87204810,37.62374104
중남미문화원,"218001298",126.89593580,37.70277859
햇빛마을20.22단지,"218000986",126.83783780,37.62448773
일산병원사거리,"219001071",126.79107720,37.64624167
고양예고입구,"219000727",126.74188270,37.69347079
신원마을4단지,"218001098",126.88701500,37.66540747
삼송역8번출구,"218001200",126.89687990,37.65383471
서촌,"219000828",126.71756940,37.67033040
호수공원관리사무소,"219000758",126.76894310,37.65620707
명지병원,"218000992",126.83068950,37.64204125
흥도동4통입구,"218001208",126.87236070,37.64499992
대덕동행정복지센터,"218000523",126.87676180,37.58523141
일산파트뷰,"219000033",126.74083430,37.70139131
큰나무교회,"218000755",126.84513340,37.62105851
킴스벽산516동,"219000445",126.72218770,37.69151427
국군고양병원,"218000620",126.89923280,37.71934771
일산서부경찰서,"219001153",126.73999670,37.67926038
대화동종점,"219001178",126.75973060,37.68639845
킨텍스제1전시장,"219000662",126.74503160,37.67196981
신원중학교,"218001295",126.88783070,37.66688285
곡릉천농원,"218516690",126.87999020,37.67624018
모당초등학교,"219000946",126.78195590,37.68005915
벽제초등학교,"219000944",126.84438460,37.69552515
은행마을사거리,"219000841",126.80451800,37.66628278
엘리시아,"218000767",126.86772640,37.71392913
무원마을3단지,"218001034",126.83576750,37.61457244
덕이초등학교,"219000725",126.74655000,37.69349147
두포동입구,"218001339",126.85851540,37.70240608
지영마트,"219000832",126.82690970,37.71429578
대한통운,"218000983",126.88924800,37.67061045
푸른마을10단지,"218001226",126.90254020,37.71575982
한산초교.덕이고교,"219001095",126.75305220,37.69554251
기업은행,"219000812",126.76686550,37.64318925
안골,"218001219",126.80751980,37.64541134
햇빛마을18-2단지,"218001156",126.83778340,37.62575499
동산마을21단지,"218001336",126.88497230,37.64468680
애니골입구,"219001053",126.78859970,37.66880138
동아공업사,"218000736",126.83512680,37.65985637
고양송산중학교,"219000493",126.72251090,37.68854849
하이파크시티3.5단지,"219000668",126.75477250,37.69945157
육각수오피스텔,"219000689",126.76256570,37.69051880
하이파크시티4단지,"219000761",126.74824050,37.69728169
햇빛마을21단지,"218001109",126.84135990,37.62768217
단독주택입구,"218000686",126.87516910,37.64047031
풍산역,"219001069",126.78727290,37.67344356
5단지미도파아파트앞,"218000763",126.83376080,37.64152306
한라아파트.대송중학교후문,"219000878",126.73093980,37.67125589
일산동고.호곡초중교,"219000933",126.76812970,37.70041609
삼진식품,"218001007",126.84487420,37.62018618
수문마트,"219000937",126.84143480,37.71509319
삼성캐슬,"218000629",126.85354480,37.71470739
미타원입구,"218001306",126.87862880,37.69408890
대덕동행정복지센터,"218000522",126.87658000,37.58548250
소만마을(중),"218000636",126.84744830,37.61753419
동문아파트,"218000964",126.84423070,37.62306788
햇빛마을23단지,"218000968",126.83737590,37.62321803
가좌마을1.2단지,"219001057",126.71667750,37.68558913
도래울7단지,"218000529",126.87242910,37.62390257
용두사거리,"218000561",126.88177320,37.62962976
양평해장국,"219000964",126.77188880,37.64206128
은빛사랑교회,"218000915",126.81825440,37.65214111
가장동삼거리,"218001317",126.85827370,37.70483690
푸른마을동익아파트,"218000651",126.90344790,37.70946211
산황1교,"219001197",126.80281460,37.64851999
윤창아파트,"218000601",126.87223070,37.58200002
함지박,"219000940",126.84538410,37.70691284
리스쇼핑.원당시장,"218000892",126.83672160,37.65637090
동원아파트,"218000937",126.83129650,37.66004779
마을회관,"218001031",126.84552830,37.60917842
토당육교교차로,"218000354",126.82150760,37.62876710
홈마트,"219001123",126.72405360,37.68701863
일산에듀포레푸르지오정문,"219000826",126.76692280,37.70263712
용두7통앞,"218001354",126.89056700,37.61821652
화정역3호선,"218000974",126.83282710,37.63448555
부대앞,"218001133",126.85562660,37.63532944
매화정,"218001028",126.84265970,37.60342192
킹스빌타운.미성빌라,"218001349",126.84801270,37.72809638
문봉낚시터,"219001021",126.82072180,37.69908072
국방대학교아파트,"218000778",126.87431910,37.58192675
금강슈퍼,"218000828",126.85806240,37.72136731
금강슈퍼,"218000735",126.85727910,37.72123036
오목촌,"219515010",126.82065450,37.70997896
위시티주상복합단지,"219000704",126.81095870,37.67797005
향군회관앞,"219001141",126.77549110,37.68597651
서정마을2단지,"218001072",126.84894830,37.62062006
고양송암고등학교,"219000770",126.78225740,37.70508300
덕이고등학교,"219001100",126.75484420,37.69624357
시계입구가게앞검문소,"218000573",126.90288500,37.62064924
흥도동행정복지센터,"218000553",126.85517270,37.64615039
다향찻집,"218001118",126.85275440,37.67164569
성저마을8단지,"219000980",126.75528350,37.68518845
블루베리농장,"218001300",126.89245980,37.69732281
호반22단지후문,"218001178",126.88870060,37.64790639
신원마을5단지,"218001078",126.88795770,37.66435452
은빛마을부영아파트.덕양우체국,"218000875",126.83494610,37.63688729
삼송역6번출구,"218000627",126.89632890,37.65350070
성저마을9단지.성저초교,"219000822",126.75733680,37.68564771
탄현임광.진흥아파트,"219001168",126.76666670,37.70265044
하이파크시티4단지입구,"219001098",126.74969980,37.69624363
신원마을6단지,"218000668",126.88774190,37.66199080
5단지관리사무실앞,"218001010",126.83659280,37.64246161
원흥도래울마을,"218000557",126.87168190,37.63596994
벽산아파트후문,"218001186",126.83272380,37.66512954
문봉낚시터,"219001022",126.82071160,37.69878677
평산빌라,"218000956",126.89406330,37.70669812
사리현동문아파트,"219000926",126.84539900,37.69913309
덕은동원골,"218000595",126.86230890,37.58181583
삼영기업,"218001150",126.85172690,37.72075950
능곡역,"218000520",126.82147830,37.61933500
고양가구공단,"219001032",126.81128800,37.66946310
배드민턴클럽,"218001177",126.90075550,37.70627582
더샵그라비스타.이마트킨텍스점,"219000026",126.74510620,37.66265186
타조농장,"219000863",126.70064370,37.67234835
권율부대,"218001335",126.88902030,37.63484092
성저마을7단지,"219000978",126.75288570,37.68419780
서정마을사거리,"218000842",126.85226220,37.61617751
옥빛마을16.17단지,"218001093",126.83249390,37.62633289
햇빛마을19단지.백양고,"218000761",126.83878850,37.62807922
통일상사,"219000825",126.84174350,37.70730554
서오릉입구,"218000720",126.90045560,37.62262436
일산장례식장,"219000966",126.76341240,37.64508381
햇빛마을19단지.백양고,"218000762",126.83902370,37.62846958
농업기술센터,"218505840",126.87070930,37.64951207
동산마을22단지,"218000549",126.89203220,37.64430755
예중아파트,"218000929",126.83008130,37.66176655
천주교묘,"218000813",126.88545080,37.71186136
용두초등학교입구.금륜사앞,"218000568",126.89783070,37.62324072
처가식품,"219000067",126.83746370,37.70382074
탄현마을3.5단지,"219001167",126.76494040,37.69508994
자유로주유소,"219000971",126.76077970,37.64921576
신원당900단지,"218000863",126.83760880,37.65364646
고양중학교,"218000638",126.88344150,37.64998181
위시티5단지,"219000779",126.81002470,37.67661980
무원마을5단지,"218001035",126.83577040,37.61369939
저동초교,"219001061",126.77462860,37.66761731
하이파크시티2단지,"219001106",126.75047720,37.70235967
장군묘앞,"218000954",126.87879190,37.70669773
벽제역,"218001252",126.89747420,37.68138789
환경사업소,"219000882",126.72606880,37.65913408
한솔무역,"219000733",126.80510020,37.70292013
용두초교후문,"218000285",126.89359020,37.62064828
신원마을7단지,"218000175",126.88472850,37.66559960
청너머굴씨묘입구,"218001332",126.88124950,37.69591843
배밭집,"218000917",126.82028880,37.65269252
소줏골.마을회관,"218001123",126.85679270,37.61912307
홈모텔,"219000874",126.72708190,37.66553405
신원마을6단지,"218000667",126.88808230,37.66243167
삼혜그린뷰아파트,"218000678",126.83386970,37.65613559
원당역,"218001004",126.84266540,37.65391077
성촌마을,"218001244",126.90956400,37.68925323
내유동입구,"218000839",126.85071270,37.71829409
흥도슈퍼,"218001137",126.85048180,37.64168772
화전동행정복지센터,"218001282",126.87262650,37.59998214
삼성캐슬.삼학법보사,"219001017",126.80061960,37.67818561
하이파크시티2.3단지,"219000670",126.75278320,37.70048126
고려분재연구원.금륜사앞,"218000570",126.89843130,37.62390167
그린빌리지.농협연수원,"219514980",126.81910690,37.71310213
밝은학교,"219000889",126.72175490,37.66715622
사리현동문아파트,"219000991",126.84587980,37.69915830
거그뫼로터리,"219001158",126.70513270,37.69509509
도래울마을1단지,"218000689",126.87383290,37.63711401
대자교,"218001304",126.87769770,37.69222944
성저마을7단지,"219000979",126.75277900,37.68433452
하늘마을3단지,"219000808",126.78432530,37.67609734
삼성캐슬.삼학법보사,"219001018",126.80052960,37.67788194
하늘마을3.4단지,"219001056",126.78437650,37.67575213
용두농협,"218001107",126.88989370,37.62733357
대정역,"218000773",126.82127850,37.64077874
경남아너스빌.탄현역,"219000691",126.76429730,37.69342285
중대장동,"218001059",126.81815250,37.63696510
도래울마을5.6단지,"218000680",126.86772970,37.62819808
별빛관리사무소,"218000972",126.82543240,37.63021596
고개,"218000625",126.89320690,37.72440163
모모월드,"219001026",126.82000570,37.68694134
현대2차아파트,"218001005",126.82075550,37.62171344
이마트,"218000975",126.83379450,37.63222654
소만마을6단지,"218001077",126.84127200,37.61277687
신원마을7.8단지,"218000666",126.88451780,37.66799706
내곡1동마을회관,"218000764",126.81048380,37.64351955
청원네이쳐빌,"219000817",126.79141410,37.71405373
삼송마을20단지정문,"218001260",126.88900200,37.65044255
용현마을사거리,"218000655",126.88755580,37.64111876
용두사거리,"218000558",126.88150610,37.63131000
모모월드,"219001027",126.82012840,37.68706110
청아공원,"219000681",126.80689820,37.71904103
소만마을5단지,"218001013",126.84330060,37.61347860
서초아파트입구,"218000942",126.83048110,37.66268324
현대홈타운3단지,"219001144",126.77256730,37.68778605
고양시정연수원입구,"218000717",126.82228160,37.60012207
후동입구,"219000767",126.77532540,37.67926173
향군회관앞,"219001142",126.77536010,37.68590934
수자원공사,"218000846",126.81237590,37.63864618
양지말,"218000618",126.86496830,37.59409042
백마역입구,"219000791",126.79343510,37.65940366
상가단지,"219001170",126.79915610,37.66706756
선유동입구,"218001242",126.90094240,37.68851797
백병원,"219001132",126.74898770,37.67513993
벽제역,"218001079",126.89760390,37.68152457
고양동시장.우체국,"218000985",126.90173950,37.70387603
킨텍스,"219000673",126.74150060,37.66804088
강매역,"218001257",126.84625290,37.61296085
하이파크시티4단지,"219000762",126.74807920,37.69729652
도래울초등학교,"218001267",126.87114610,37.63063044
푸른마을3단지,"218000650",126.90267380,37.70907148
원흥주유소(마을),"218001270",126.86546500,37.64016461
임창아파트,"218000909",126.83755000,37.66238625
약산마을,"219000303",126.79264850,37.68239849
호성빌라,"218000325",126.84229600,37.73110732
이마트,"219000903",126.78108580,37.64952758
현천동,"218000581",126.85972480,37.58953766
목공소,"219000939",126.84289640,37.71309182
식사동,"219001081",126.82196130,37.68857342
위시티입구,"219000711",126.80764130,37.67515683
수문마트,"219000936",126.84131580,37.71507100
농협하나로클럽,"218001268",126.89759520,37.64926332
우림아파트후문,"218001173",126.88928610,37.66965134
용두7통앞,"218000632",126.88971220,37.62198349
탄현2지구.풍림아파트,"219000908",126.76824840,37.69185091
칼빌리지,"219000735",126.81008370,37.71677997
미니스톱,"219000851",126.82097340,37.68347081
시계입구가게앞검문소,"218000574",126.90267110,37.62050581
윤창아파트,"218000805",126.89626720,37.70615679
하늘마을6단지,"219000809",126.78689800,37.68284905
홈모텔,"219000875",126.72705060,37.66560852
고양축산농협,"218000535",126.84482560,37.66522019
소만마을1.2.3단지,"218000969",126.84552450,37.61632664
다향찻집,"218000904",126.85277780,37.67171224
삼송마을19단지,"218000756",126.88301300,37.64831165
화전사단앞,"218000645",126.87245740,37.61254559
대덕동행정복지센터,"218000608",126.87641200,37.58599255
계룡리슈빌,"218000664",126.88221700,37.65214888
신원상가앞,"218001015",126.88980260,37.66308617
은행마을2단지,"219000839",126.80530590,37.66798043
둥지마을.베송쥬쥬,"219001082",126.81100450,37.70967756
현천동마트,"218000615",126.86780920,37.59302169
풍산동행정복지센터,"219001041",126.79945510,37.66438462
장미농원,"219000887",126.71935260,37.66896804
옥빛마을16.17단지,"218000977",126.83255190,37.62666322
도래울마을2.3단지,"218000691",126.86999750,37.63253302
백송마을2단지,"219000917",126.79155790,37.64985323
은못이사거리,"218000684",126.85827510,37.62660370
대화마을8.9단지,"219000416",126.73339660,37.66826673
농업기술센터,"218000694",126.86973250,37.64856555
일산서부경찰서,"219001150",126.74178470,37.67947292
정발고등학교,"219001051",126.78584880,37.66298909
삼거리,"219000899",126.81061720,37.65055074
벽산아파트정문,"218000947",126.83182200,37.66423719
은행마을2단지,"219000840",126.80574590,37.66853192
화전역앞,"218000538",126.86904430,37.60359712
하이파크시티1단지정문,"219000764",126.75257910,37.70348077
샘터마을1단지.무원고등학교,"218000542",126.83880920,37.61942414
하이파크시티4.5단지,"219000666",126.75305040,37.69792497
안곡초등학교,"219000755",126.78131740,37.68466629
리스쇼핑.원당시장,"218000874",126.83700670,37.65628839
신원당200단지,"218000783",126.83721150,37.65256730
화정역4번출구,"218001149",126.83300350,37.63477142
육골,"218001272",126.86755660,37.64119263
명진검사소,"219001020",126.82279030,37.70061823
처가식품,"219000065",126.83748420,37.70404146
희망식당,"218001313",126.87099520,37.70784974
현산초등학교,"219001138",126.77140020,37.69168700
동원베스트빌,"218000299",126.84520810,37.72934821
성보화학,"218000600",126.86807150,37.58110245
영흥빌라,"218000745",126.84661920,37.62359424
삼송마을20단지정문,"218001259",126.88892780,37.65090948
푸른마을동익아파트,"218000533",126.90409730,37.70977298
영재목재.섬다리,"219000958",126.78952820,37.63012413
고양시청후문,"218000941",126.83286080,37.65909560
무원마을5단지,"218001036",126.83593870,37.61357323
벽제관지,"218001211",126.90047540,37.70400391
애니골입구,"219001052",126.78884000,37.66879625
탄현에이스아파트,"219001139",126.76962600,37.69119378
순애원,"218000799",126.87209110,37.71538789
초이스마트,"218000790",126.86031710,37.71246586
소줏골.마을회관,"218000737",126.85682150,37.61906003
용두사거리,"218000559",126.88166010,37.63135070
내유동입구,"218000838",126.85101190,37.71853167
현대2차아파트,"218001069",126.82081350,37.62149832
천주교묘,"218000814",126.88550750,37.71194204
연안중장비학원,"218001320",126.86434970,37.70511612
내곡2동,"218001224",126.81048860,37.63892584
일산서부경찰서,"219001152",126.74021030,37.67956986
아랫말,"218001218",126.91031080,37.67755357
방앗골,"218001121",126.85890700,37.62267146
지축차량기지입구,"218001169",126.90726390,37.65241100
신우아파트,"219001134",126.75366060,37.66823420
서정마을7단지,"218001023",126.84446070,37.61439442
목공소,"219000938",126.84270980,37.71319749
밝은학교,"219000888",126.72173170,37.66712840
대장17통마을회관,"218001233",126.81497820,37.63733413
삼송동일스위트2차아파트,"218001333",126.88601920,37.65898915
하이파크시티3.5단지,"219000667",126.75379910,37.69927059
고양동현대아파트,"218001249",126.90058350,37.70084776
5단지엘지.신성아파트앞,"218001076",126.83496650,37.64192212
흥도동4통입구,"218001190",126.87210650,37.64496033
삼송마을14단지.농협대입구,"218001110",126.87918270,37.65322012
선유다리,"218000768",126.91206090,37.67628806
가로수길,"219000747",126.75584750,37.66681918
성은농원,"218001176",126.89649490,37.67058320
성우빌라,"218000322",126.84100000,37.73008273
고양축산농협,"218000536",126.84480770,37.66512809
내유동커뮤니티센터,"218001347",126.84838390,37.73103207
모당초등학교,"219000904",126.78167630,37.68010454
일산건영A.일산동고등학교,"219000972",126.76856280,37.69929839
도래울마을1단지후문,"218001184",126.87119860,37.63802020
문촌사거리,"219001148",126.75880580,37.67200545
세원마을,"218000982",126.89180100,37.67088899
화정2동행정복지센터(마을),"218001146",126.83528050,37.63028134
신원마을6단지정문앞,"218000984",126.88828390,37.66369687
소만마을6단지,"218000970",126.84040980,37.61294258
킨텍스꿈에그린.원시티1단지,"219001173",126.74904480,37.66506268
동원17단지,"218001102",126.88756250,37.65326206
물구리,"218000527",126.86575470,37.68001224
화훼단지입구,"218001163",126.89718590,37.66564817
농협하나로클럽,"218001269",126.89737420,37.64909669
은못이사거리,"218000685",126.85817950,37.62652603
신원마을9.10단지,"218000670",126.88512270,37.66056802
장항1동행정복지센터,"219000844",126.77029690,37.64236943
청궁오리집,"219000814",126.76039580,37.65522557
원당2동경로당,"218001100",126.85894520,37.67674969
가좌마을2.3단지후문,"219001122",126.71764440,37.68860850
서오릉길교차로,"218000524",126.89651240,37.62581826
일산경찰서,"219001064",126.77057530,37.66423601
원흥역5번출구,"218001183",126.87203800,37.65107480
코스트코,"219001014",126.78869880,37.64146339
홍은정사,"219000232",126.82891880,37.70253652
해들마을,"219000580",126.79531640,37.67600796
안골,"218001220",126.80756650,37.64528252
하이파크시티2.4단지,"219000664",126.75084730,37.69926294
화랑교차로,"218001351",126.88190630,37.62179778
용두7통앞,"218000633",126.88966780,37.62186160
숲속마을,"219000715",126.80291900,37.70033059
연안중장비학원,"218001315",126.86421780,37.70521534
창석농원앞,"218001302",126.88522520,37.69638942
관산주공아파트,"218001049",126.86496790,37.69085575
숲속마을1단지,"219001045",126.79787660,37.66400323
철길앞,"218513960",126.84269870,37.66479944
서정마을5단지,"218000733",126.84595560,37.61544183
고봉4통마을회관,"219514110",126.81624810,37.72193828
덕이초등학교,"219000726",126.74688190,37.69348885
주교동행정복지센터,"218000934",126.83015240,37.66064579
백석교회,"219000838",126.77637540,37.63976977
예비군훈련장,"218000644",126.87492040,37.61674335
원신5통.안터마을,"218000682",126.88207330,37.67222241
서정마을3단지,"218001204",126.85091340,37.61464256
신원마을3단지,"218001297",126.89449870,37.66300955
되레지,"219000743",126.71367460,37.69014470
일성정밀앞,"219000834",126.82288300,37.71224534
킨텍스제2전시장,"219000676",126.74211050,37.66682565
거그뫼로터리,"219001159",126.70569810,37.69517262
신원도서관,"218000491",126.88594730,37.66657310
벽산아파트후문,"218001238",126.83318180,37.66550890
일산장례식장,"219000967",126.76328990,37.64513131
윗대자골,"218000817",126.87924520,37.70928671
임광아파트,"219000948",126.79615130,37.65372914
신능중학교,"218000980",126.83425730,37.62011081
mbc송출국,"218001141",126.80085150,37.62250447
중산고등학교,"219000795",126.78232130,37.69775798
전촌마을,"219000036",126.81813050,37.71614606
추모공원하늘문,"218000770",126.90847840,37.72409121
가좌도서관,"241500020",126.71989580,37.68659476
삼송마을14단지.농협대입구,"218000771",126.87889740,37.65257217
남양유업,"218000888",126.85276360,37.66668890
신원도서관,"218000492",126.88599410,37.66632944
성저리,"219000677",126.74182640,37.68603911
내유협동화단지앞,"218000293",126.85393290,37.72245290
삼성화재연수원,"219511380",126.81671990,37.71828545
제이타운,"218000292",126.85267690,37.72166621
킨텍스제1전시장,"219001086",126.74486100,37.67175902
식사삼거리.식사공단,"219000919",126.81979780,37.68841175
삼송마을11단지.대학생연합생활관,"218000287",126.86766770,37.65025827
농협대학교,"218001058",126.87364590,37.65714614
무지개마을,"219000633",126.80998490,37.71912648
삼송교,"218000545",126.88133300,37.64283986
도래울6.7단지,"218000631",126.86888840,37.62500361
일산센트럴아이파크,"219001164",126.78247830,37.67767712
은빛사랑교회,"218000916",126.81828420,37.65216614
동산마을24단지,"218000528",126.88332230,37.64348441
한샘교회,"218001230",126.81738720,37.64064759
삼송마을18단지,"218000699",126.87833730,37.64748516
단독주택입구,"218000692",126.87505770,37.64072355
사리현공단입구,"219000050",126.84044450,37.70604506
은빛마을11단지,"218001225",126.83462700,37.63539590
고양중학교,"218000639",126.88437090,37.64907108
성저마을10단지,"219000983",126.75884930,37.68504641
고양가구3단지입구,"219000778",126.80302990,37.68185471
월촌마을,"218001290",126.90819820,37.69187099
숲속마을8단지후문,"219001068",126.79927680,37.67280553
우일시장,"218000902",126.83828380,37.66323180
강고개,"218001127",126.85679470,37.63365593
문봉삼거리,"219000836",126.82236540,37.70773876
삼송마을18단지후문,"218000760",126.88069320,37.64754670
해들마을,"219000579",126.79552440,37.67585517
라온빌라,"218000798",126.85436240,37.71616938
마쟁이골,"219000953",126.83711250,37.71219387
성저마을9단지,"241501060",126.75645660,37.68624414
현대1차아파트,"218000779",126.82230870,37.62260253
사리현마을,"219000942",126.84634730,37.70287012
창릉초교,"218001364",126.89225120,37.64852052
선유동가게,"218000950",126.90736130,37.67985930
서정마을1단지후문,"218000750",126.84734320,37.61828400
관산주공아파트,"218001050",126.86475550,37.69089984
필리핀참전비,"218000825",126.87377060,37.68830000
장월교,"219000793",126.69497990,37.68247350
이편한세상시티삼송1단지,"218000286",126.89572650,37.65055899
친구네가든,"218001321",126.86834070,37.70610665
대우자동차센터,"218001223",126.80664660,37.64028865
행신2동행정복지센터,"218001020",126.83396950,37.61493732
세기마을입구,"218000891",126.84779340,37.66484178
라페스타.먹자골목,"219000907",126.76818690,37.66229604
텃말,"218001292",126.90825260,37.68847992
우인아파트,"218000784",126.83429300,37.66568847
킨텍스꿈에그린.원시티1단지,"219001172",126.74900310,37.66483388
수자원공사,"218000847",126.81215900,37.63852020
금모래슈퍼.보건소후문,"218000939",126.83218310,37.65951169
서삼릉종.마목장입구,"218001055",126.86845460,37.65754314
풍동고.다솜초교.풍동도서관,"219001171",126.79581160,37.67138925
마을회관,"218001030",126.84553900,37.60927846
하늘마을2단지정문,"219001066",126.78535370,37.68080580
대덕동행정복지센터,"218000607",126.87658400,37.58609424
대곡역입구,"218001234",126.81550590,37.63658763
새터마을입구,"219000751",126.84368790,37.70929104
별빛901동,"218000973",126.82604170,37.63123497
삼삼슈퍼,"218000793",126.86196840,37.71293311
이전유통,"218001112",126.84442980,37.62591954
윤촌말.원창주류,"219000651",126.80623880,37.72498004
동산마을24단지,"218000507",126.88343480,37.64335562
태영아파트,"219001101",126.75603940,37.69395726
농협대학교,"218001073",126.87371950,37.65705928
지애슈퍼,"218001119",126.86053420,37.61958771
은곡마을,"219000066",126.79854490,37.72626903
대화동종점,"219000688",126.75999020,37.68701557
하늘마을2단지후문,"219001065",126.78334780,37.67970280
오익코사마트,"218000897",126.83621890,37.66449715
일산경찰서,"219001063",126.77038100,37.66440257
현산초등학교,"219001137",126.77217210,37.69219879
숲속마을,"219000710",126.80281690,37.70041142
LG물류센터,"218000809",126.89115000,37.70917641
탄현에이스아파트,"219001140",126.76929960,37.69087067
초이스마트,"218000791",126.86032040,37.71257517
은행마을1단지,"219000842",126.80399910,37.66423786
하이파크시티4단지입구,"219001097",126.75000750,37.69631659
대장동입구,"218000894",126.82278030,37.64414784
가좌마을5.6단지,"219001091",126.72202930,37.69075349
정발중학교,"219000819",126.78177220,37.65885239
도촌교,"219000869",126.71727590,37.66510965
엠블호텔,"219001094",126.75065910,37.66300597
현대1차아파트,"218001060",126.82223960,37.62240287
가라뫼사거리,"218001153",126.84463200,37.61902982
탁구장앞,"218001287",126.87945860,37.59681721
향동DMC하우스디,"218001147",126.89546160,37.60123322
그린빌리지.농협연수원,"219514990",126.81922930,37.71313369
퍼스트가든,"219001177",126.79545230,37.73219683
달빛마을3.4단지,"218000996",126.83215710,37.64279710
원흥동,"218001278",126.87418900,37.64740940
차고지,"219000829",126.77674580,37.69677040
동국대병원사거리,"219000788",126.80529590,37.67437127
서정마을3단지,"218000772",126.85109190,37.61461059
호성빌라,"218000324",126.84242490,37.73108129
교회앞,"219001135",126.77388120,37.69256109
DMC리슈빌.DMC호반2.3단지,"218001356",126.88859220,37.59417574
동원베스트빌,"218000298",126.84526360,37.72934330
고양어울림누리.달빛마을1단지,"218001074",126.83254460,37.64818261
가좌동종점,"219000679",126.72225390,37.69488032
마을회관,"218001161",126.90401290,37.66881541
약산마을사거리,"219000290",126.79125420,37.68317230
고양유스호스텔,"218001310",126.89433830,37.69967077
삼송마을19단지,"218000859",126.88323130,37.64819025
일산동고.호곡초교,"219000932",126.76797250,37.70037881
삼성화재연수원,"219511440",126.81659160,37.71825365
고양일고,"218001250",126.90075000,37.70066882
상가단지,"219001038",126.79939070,37.66726093
일산센트럴아이파크,"219001165",126.78235040,37.67850769
개선스포츠,"219000802",126.79554660,37.72911613
국민은행,"218001251",126.90173010,37.70165217
홈플러스,"219001000",126.77090190,37.65961068
경남식당,"218000674",126.91954570,37.65987760
성저마을6단지,"219000977",126.75158320,37.68257215
선유동,"218001199",126.90363280,37.68079086
고양예고후문,"219000722",126.74399350,37.69823805
대정역,"218000774",126.82126820,37.64057933
고골전원마을입구,"218000802",126.87494770,37.71722302
화훼단지,"219000769",126.72766390,37.67680073
황해슈퍼,"219000854",126.82082040,37.68446424
마두역,"219001079",126.77895990,37.65207681
농수산물도매시장후문,"219000686",126.74394700,37.68252047
서정마을2단지,"218000994",126.84900950,37.62039815
희망주택.휴그린,"218000296",126.84525800,37.72806074
도래울고등학교,"218000752",126.87005270,37.62793970
하늘마을2단지,"219000591",126.78406860,37.68186283
용두초교,"218001075",126.89324150,37.62023809
빛마루.이비에스,"219001075",126.75410380,37.66136199
킨텍스삼거리,"219000647",126.74699770,37.67110867
성저마을5단지,"219000974",126.75059900,37.68125204
새터마을입구,"219000925",126.84441320,37.70907261
임창아파트,"218000910",126.83763090,37.66234786
행신2동행정복지센터,"218001041",126.83260730,37.61540220
친구네가든,"218001314",126.86810380,37.70605670
태성식품,"218000851",126.81916620,37.64162009
신원초교.현대8단지,"218001097",126.88522440,37.66816492
산장아파트,"218000906",126.83691240,37.66571443
햇빛마을18-2단지.롯데마트고양점,"218001157",126.83739270,37.62566566
정발고등학교,"219001050",126.78611060,37.66288414
창석농원앞,"218001307",126.88537480,37.69633369
장촌초등학교,"219001131",126.74766130,37.67331034
거그뫼,"219000782",126.70481730,37.69615908
햇빛마을21단지후문,"218001116",126.84208580,37.62607988
삼송마을18단지후문,"218000857",126.88079090,37.64738119
위시티입구,"219000712",126.80826340,37.67518123
은지사거리,"218001126",126.85805090,37.63099640
관산동행정복지센터.벽제시장,"218001081",126.86541890,37.68799328
산황3교,"219001084",126.80366260,37.65260600
팔각정,"218000958",126.89767840,37.70386196
동문굿모닝힐1차오피스텔,"219001012",126.79002830,37.64045494
동산고등학교,"218000548",126.88645450,37.64260314
경찰교육훈련센터,"218001346",126.84894030,37.72969827
화전사거리,"218000648",126.86854420,37.60533752
부대앞,"218001134",126.85552070,37.63534884
용두6통앞,"218000578",126.88585940,37.62316597
강매역,"218001115",126.84569710,37.61280960
독굴말골입구,"219001013",126.83218450,37.71302510
희망주택.휴그린,"218000297",126.84531480,37.72806212
서오릉입구,"218000721",126.90033220,37.62237664
동원17단지,"218001103",126.88748660,37.65305174
산황동,"219000894",126.80737480,37.64948292
햇빛마을21단지후문,"218001132",126.84224370,37.62619659
강촌마트,"219000675",126.80322140,37.72376821
원당중학교,"218001256",126.82423990,37.66291536
국민은행앞,"218000580",126.90185430,37.70166289
백석교회,"219000988",126.77641610,37.63984759
늘사랑요양원,"218000832",126.85547500,37.72054983
세갓부리,"218001274",126.86861760,37.64335489
설문동,"219000699",126.79063420,37.71619004
진흥교회,"219001112",126.72781980,37.70068084
곡릉천농원,"218516680",126.87994010,37.67614695
윤창아파트,"218000806",126.89558410,37.70670926
홍익교회,"218001056",126.87651660,37.65675288
은강교회,"218000749",126.84562740,37.62222589
숲속마을3.6단지.두산아파트,"219001039",126.79548760,37.66793991
GS자이아파트정문,"219000952",126.72979760,37.67069960
세기마을,"218000889",126.85010270,37.66399918
16단지.삼송초교,"218001182",126.88279150,37.65362726
열방교회,"218000751",126.84912010,37.62456165
신평동경로당,"218001143",126.78869860,37.62361535
원흥주유소,"218000555",126.86584120,37.63958647
경남아파트,"219000694",126.76619940,37.69407177
고개,"218000626",126.89288980,37.72534914
원흥도래울마을,"218000556",126.87128670,37.63653491
SK주유소,"219000961",126.78301220,37.63470657
세갓부리,"218001273",126.86863730,37.64329239
바이네르,"219000696",126.80761300,37.71410206
원흥역6번출구,"218000702",126.87492460,37.65154449
옥이네,"219001114",126.72281700,37.69951506
이전유통,"218000746",126.84455970,37.62576780
하이파크시티1단지,"219000672",126.75532810,37.70333757
여래사앞,"218000789",126.85893080,37.71158761
식사삼거리.가구공단입구,"219001033",126.81103700,37.66885231
용두사거리,"218000562",126.88264590,37.63017179
호반22단지정문,"218001185",126.89151010,37.64634610
용두농협,"218000738",126.88998260,37.62733702
산황1교,"219001196",126.80293000,37.64833740
용두6통앞,"218000577",126.88584010,37.62305596
기업은행,"219000965",126.76682680,37.64313688
고양시정연수원입구,"218000716",126.82193730,37.60020806
양지마을2단지,"219000820",126.77332540,37.66593841
숲속마을2단지,"219001037",126.80011960,37.66613551
박털보네,"218001117",126.85346810,37.67893812
하늘마을4단지,"219000921",126.78554220,37.67491402
계룡리슈빌,"218000665",126.88237850,37.65250843
일산에듀포레푸르지오후문,"219001147",126.76645370,37.70523176
소만마을5.6단지,"218001090",126.84175740,37.61450705
오거리농장,"219000902",126.81716550,37.65063290
옥천집,"218000849",126.80666270,37.64256587
현천동마트,"218000616",126.86823050,37.59311607
삼거리,"219000898",126.81058680,37.65052314
청구아파트,"218000931",126.89757400,37.70609952
삼송역3번출구,"218001280",126.89542990,37.65268734
하늘소리요양원입구,"218000701",126.88945040,37.71057119
구)삼능상회,"218000879",126.85074410,37.67882253
원당초등학교입구,"218000532",126.83631950,37.66000170
팔각정,"218000959",126.89756240,37.70375224
위시티2.4단지,"219000848",126.81583640,37.68072075
벽제벧엘교회,"218001323",126.87503720,37.70741383
영흥빌라,"218001006",126.84591680,37.62293251
쌍굴입구,"218000611",126.87547740,37.59179335
설문동,"219000698",126.79071210,37.71633335
용사촌입구,"218000552",126.89833920,37.64659277
시립도서관,"218001080",126.82827750,37.61923847
필리핀참전비,"218000826",126.87357110,37.68836743
홈플러스,"219000957",126.77056910,37.65954742
서정마을7단지후문,"218001140",126.84378600,37.61296906
햇빛마을18단지,"218000989",126.83777770,37.62705400
별빛마을10단지,"218001092",126.82860200,37.63111456
성저리,"219000678",126.74208260,37.68589287
달빛마을3.4단지,"218000991",126.83247800,37.64262253
편의점앞,"218001319",126.86034070,37.70495185
용두초등학교입구.금륜사앞,"218000567",126.89785310,37.62337950
어린이교통공원,"219000658",126.79464670,37.64206382
대신화물,"219001080",126.81769590,37.66537374
경기축산,"218000816",126.88142640,37.71114854
5단지관리사무실앞,"218000740",126.83648350,37.64254558
둥지마을.베송쥬쥬,"219000701",126.81113550,37.70968324
고양외고기숙사,"218511960",126.86224130,37.68947976
군부대앞,"218000853",126.82341960,37.64490129
동국로삼거리,"219000736",126.80670270,37.68482714
멱절,"219001089",126.73311310,37.65842174
지축차량기지입구,"218001170",126.90769690,37.65260370
백마골프장,"219000955",126.79418090,37.66140198
철길앞,"218509030",126.84277170,37.66487535
대장동입구,"218000893",126.82290690,37.64405889
하늘마을2단지후문,"219000910",126.78288970,37.67939565
삼송마을18단지,"218000700",126.87813370,37.64778546
백송마을2단지,"219000918",126.79123250,37.64995440
항공대학교동문,"218001002",126.86691290,37.60213232
벽산아파트후문,"218000949",126.83304530,37.66518608
회관앞,"219000893",126.72525920,37.66572150
고양시청,"218001195",126.83398220,37.65841839
영재목재.섬다리,"219000959",126.78941480,37.63013032
명현학교,"218001106",126.88429360,37.65411655
새마을마을회관,"218000883",126.85428750,37.67062062
곡산역,"219001007",126.80120320,37.64503456
신원중학교,"218001296",126.88823270,37.66700935
푸른농장,"219000865",126.70684840,37.66968053
벽제벧엘교회,"218001312",126.87503710,37.70748046
신원단독16단지,"218000957",126.88973070,37.66030783
청아공원,"219000680",126.80693950,37.71912503
양지말,"218000586",126.86529130,37.59545851
오익코사마트,"218000898",126.83635040,37.66440749
가좌마을1.2단지,"219000818",126.71670890,37.68543298
덕은동,"218000594",126.86054790,37.58151372
화평교회,"219000897",126.80983720,37.65019963
삼삼슈퍼,"218000792",126.86206140,37.71301918
교산길,"219000901",126.81284260,37.64929598
백석체육센터,"219001005",126.79525060,37.64145552
덕은동종점,"218000603",126.87479540,37.58103865
황해슈퍼,"219000853",126.82074280,37.68435772
쌍용아파트,"219001054",126.78795620,37.67030228
늘사랑요양원,"218000831",126.85551620,37.72044445
매화정,"218001029",126.84234620,37.60351692
전원마을입구,"219001163",126.80448480,37.68435509
중간내유동,"218000677",126.84805240,37.72063168
문봉삼거리,"219000835",126.82259220,37.70768502
행신역,"218001019",126.83504910,37.61294062
중앙하이츠아파트,"219001044",126.79948590,37.66063918
덕은동마을,"218001289",126.88083940,37.59754721
고양동산초등학교.창릉동행정복지센터,"218000641",126.88599160,37.64615974
통일상사,"219000037",126.84168310,37.70714687
신원당500단지,"218000920",126.83673460,37.65177966
동산마을21단지,"218000662",126.88429710,37.64419055
설문동,"219000827",126.81993490,37.72540742
문봉주유소,"219000923",126.81654760,37.70533668
홍은정사,"219000212",126.82891290,37.70260489
굴다리앞.덕양구보건소치매안심센터,"218001197",126.83478380,37.65775841
원당초등학교입구,"218000531",126.83553980,37.65895978
신원마을5단지,"218000981",126.88731920,37.66480329
선인장앞,"219000866",126.71092590,37.66782353
위시티5단지,"219000780",126.81029410,37.67640074
성저마을11단지,"219000985",126.76033660,37.68440335
열방교회,"218001191",126.84910230,37.62463357
정발중학교,"219000993",126.78165160,37.65900077
덕은동입구,"218000605",126.87548930,37.58176649
부대앞,"218000613",126.87246310,37.59264453
삼남빌라앞,"219001145",126.77365960,37.68883292
서정마을1단지.덕양행신종합사회복지관,"218001198",126.84637150,37.62079592
중남미문화원,"218001311",126.89605690,37.70267723
2단지관리사무실앞,"218000743",126.83677230,37.64652194
흥도동행정복지센터,"218001113",126.85182110,37.64492930
가좌마을.킴스.벽산A516동,"219000565",126.72343160,37.69100388
대한통운,"218001114",126.88930610,37.67068267
굴다리앞.덕양구보건소치매안심센터,"218001196",126.83490630,37.65778188
샛말빌라단지입구,"218000796",126.86566050,37.71360452
신영아파트,"219001154",126.77424920,37.69000739
일산파트뷰,"219000763",126.74094640,37.70126137
예승프라자,"218001334",126.86985420,37.65133708
저동초교삼거리,"219000714",126.77616370,37.66911656
신한은행,"218001088",126.83570330,37.65721184
은빛마을11단지.부영아파트앞,"218000990",126.83439600,37.63526000
안골삼거리,"218000837",126.86176320,37.72283684
다락골,"218001363",126.84974820,37.67732167
윤촌말.원창주류,"219000697",126.80631980,37.72505605
스타필드고양,"218000719",126.89518680,37.64545755
탄현마을5단지,"219000990",126.76538920,37.69650787
일산센트럴아이파크,"219000929",126.78829860,37.67988703
동산마을22단지,"218000550",126.89148280,37.64436787
장성초교,"219000858",126.75135860,37.67793054
강고개,"218001128",126.85676920,37.63353881
SK엠시티,"219000765",126.77028930,37.65388315
탁구장앞,"218001288",126.87934820,37.59688793
현대그린빌라,"218000945",126.83132610,37.66374088
가라뫼사거리,"218001071",126.84431120,37.61900536
로데오거리,"219000947",126.75621880,37.69250314
산황동입구,"219001083",126.80605360,37.64791798
가좌고등학교,"219001119",126.71959580,37.68842159
탄현역2번출구,"219000772",126.76150900,37.69397956
윗대자골,"218000818",126.87900470,37.70913404
타조농장,"219000862",126.70042940,37.67236748
저동초교삼거리,"219000716",126.77642780,37.66900146
새터마을입구,"219000924",126.84425140,37.70914548
통일로불가마,"218000823",126.87495640,37.68913973
부경카센타,"219000849",126.81923540,37.68106335
고양아쿠아스튜디오,"218000015",126.89854000,37.67274564
옥빛마을14.15단지,"218001001",126.83310930,37.62876236
은강교회,"218000748",126.84582820,37.62208246
별빛912동,"218001091",126.82524280,37.62896332
화랑교차로,"218001352",126.88200170,37.62194994
백송마을7단지,"219000949",126.79585100,37.65167439
도래울2단지상가,"218001330",126.87196290,37.63475272
소만마을7단지.삼보마트,"218001011",126.83904510,37.61628155
세기마을,"218000890",126.85007580,37.66394660
은지사거리,"218001125",126.85815490,37.63101721
용두2리,"218000565",126.88959270,37.62758369
덕양구청.동고양세무서,"218001045",126.83213480,37.63629572
영흥빌라,"218000747",126.84644350,37.62381135
원흥역8번출구.방송통신대앞,"218000698",126.87582850,37.65025230
가람중학교,"218000967",126.84166440,37.62288088
지애슈퍼,"218001120",126.86028260,37.61969617
대화마을입구삼거리,"219000654",126.73534640,37.66733053
일산시장,"219001143",126.77086660,37.68630646
원흥역1번출구.방송통신대,"218000697",126.87585810,37.64978960
더모아빌,"218000978",126.85581070,37.71589243
GS자이아파트후문,"219000951",126.72963840,37.66950277
식사삼거리.식사공단,"219001025",126.81995330,37.68837946
샘터2단지201동앞,"218001094",126.83410280,37.62290389
서정마을7단지후문,"218001216",126.84373100,37.61281917
대원자원,"219000963",126.78180210,37.63574276
동원아파트,"218000936",126.83106480,37.66006764
대자교,"218001305",126.87785670,37.69224919
장월,"219000799",126.67999720,37.68401338
스타필드후문,"218000465",126.89509980,37.64817815
고양(백석)종합터미널,"219000996",126.79065280,37.64309033
미니스톱,"219000852",126.82108580,37.68348256
중대장동,"218000775",126.81802350,37.63676342
주유소앞,"218000621",126.89740120,37.72086924
중부대학교입구,"218000812",126.88773350,37.71138288
롯데마트고양점,"218000999",126.83629650,37.62574052
하늘마을3단지입구,"219514960",126.78361930,37.67698482
신원초교.현대8단지,"218000288",126.88590850,37.66837872
일산건영A.일산동고등학교,"219000973",126.76834590,37.69937455
하이파크시티4.5단지,"219000665",126.75278050,37.69801179
DMC해링턴플레이스,"218001361",126.89450250,37.60710905
도래울마을4단지,"218000895",126.87312800,37.63029160
현대백화점후문,"219000025",126.75105050,37.66672477
흥도초등학교,"218000041",126.87178280,37.62735311
청너머굴씨묘입구,"218001331",126.88133710,37.69581536
신동아아파트,"219000740",126.74663540,37.69651256
홍익교회,"218001057",126.87641580,37.65678674
고양예고입구,"219000728",126.74201570,37.69328649
현천동일신농장,"218000589",126.85643610,37.58502267
통일로불가마,"218000824",126.87517600,37.68909724
선유동회관,"218001245",126.91170760,37.69461091
다리앞,"218000834",126.86050850,37.72250022
강고산,"218001027",126.84376170,37.59854974
그레이스빌,"218000913",126.83582140,37.66049477
큰골입구,"218000628",126.90075050,37.64693566
한화꿈에그린아파트,"219000911",126.75164060,37.66617158
현대그린빌라,"218000944",126.83125960,37.66377885
일산동구청,"219001001",126.77526620,37.65783353
원당초등학교,"218000911",126.83656590,37.66136850
장항굴다리,"219000969",126.76185450,37.64704548
백송마을3단지,"219000823",126.78875190,37.64905594
경남아너스빌.탄현역,"219000692",126.76397520,37.69337564
종점,"218000803",126.87803700,37.71755023
이전마을회관,"219000700",126.79983440,37.69982216
성우빌라,"218000323",126.84093390,37.73010880
가좌마을2.3단지후문,"219001121",126.71770880,37.68874304
숲속마을2단지,"219001036",126.79996930,37.66642253
토끼굴앞,"219000954",126.72522960,37.66071781
장월교,"219000467",126.69499040,37.68229404
휴그린2차.클래식,"218000300",126.84273320,37.72975662
꽃길,"219000831",126.82908450,37.71776874
스타필드후문,"218001104",126.89530900,37.64812631
호반22단지정문,"218001337",126.89090270,37.64709078
교회앞,"219001136",126.77381060,37.69241022
일성정밀앞,"219000806",126.82276110,37.71230764
신한은행,"218001087",126.83559520,37.65716949
선유동가게,"218000951",126.90756890,37.67989328
새터말,"219000746",126.71333250,37.68419298
성저마을9단지.성저초교,"219000982",126.75702400,37.68555019
천사의집,"218000808",126.89300470,37.70742328
현천동난점,"218000584",126.86162470,37.59201033
달걀부리마을,"218000544",126.87708660,37.64598216
덕이중학교,"219000718",126.75277750,37.70272027
문봉요양타운,"219000098",126.83227900,37.70226858
삼송교,"218000546",126.88153420,37.64302335
용두초교,"218001279",126.89332530,37.62015000
벌말입구,"218000656",126.88261300,37.63549175
밤가시7.8단지.광림교회,"219001059",126.78235840,37.67130257
은행마을3단지,"219000992",126.80716230,37.67175442
세란내과(마을),"218000865",126.83814040,37.65548268
다락골,"218000841",126.84953810,37.67628753
동문3차아파트,"219000723",126.74192130,37.70064082
박털보네,"218001122",126.85348700,37.67898410
멱절마을입구,"219000879",126.73027120,37.65810590
홈마트,"219001124",126.72430730,37.68696709
독곶이,"218000923",126.82180670,37.65633098
도래울초등학교,"218001266",126.87117700,37.63078910
더퍼스트프라임,"218000703",126.86604520,37.68756284
백송마을7단지,"219000916",126.79609200,37.65153795
내곡교회,"218001202",126.81047150,37.64118599
향동DMC하우스디,"218001258",126.89520400,37.60128837
포도농원,"219000847",126.76070600,37.65299150
동양아파트,"219001087",126.76733020,37.68557192
백송마을8단지,"219001035",126.79351940,37.65054687
미타원입구,"218001303",126.87840950,37.69391421
원흥역3번출구,"218000696",126.87327230,37.65009059
신평동경로당,"218001144",126.78859900,37.62360131
현천동난점,"218000583",126.86199710,37.59213583
대화마을2.3단지,"219001130",126.73113780,37.67223192
엠블호텔,"219000997",126.75137750,37.66268906
무원마을6단지.두산아파트,"218001038",126.83233520,37.61347886
숲속마을3단지,"219001169",126.79609110,37.66758264
어수정낚시터,"218001301",126.88970510,37.69671319
삼혜그린뷰아파트,"218000679",126.83410260,37.65597130
오렌지마트,"219001024",126.82064470,37.69690278
도래울2단지상가,"218001329",126.87175750,37.63497562
신평로삼거리,"218001213",126.78610160,37.62505424
바이네르,"219000682",126.80771490,37.71411422
벽산아파트정문,"218000946",126.83176040,37.66429395
라페스타.먹자골목,"219001002",126.76834220,37.66243047
가좌마을5.6단지,"219001092",126.72219970,37.69070622
서정중학교,"218001008",126.84946730,37.61908731
신생당한의원,"218000794",126.86471910,37.71339334
서원,"218001166",126.90243370,37.65375328
방범초소,"218000899",126.83717940,37.66378158
구제거리,"219515020",126.81954430,37.69015449
햇빛마을18단지,"218001062",126.83713210,37.62730753
소만마을5단지,"218001033",126.84318170,37.61367582
남양유업,"218000887",126.85273460,37.66673189
이편한세상시티삼송3단지,"218001365",126.89327100,37.64970010
관산14통마을회관,"218001215",126.86124020,37.70180213
궁말,"218001181",126.86822920,37.63595391
중산마을1.2단지,"219000695",126.78010230,37.69626630
LG물류센터,"218000810",126.89103430,37.70914182
호반22단지정문,"218001096",126.89127560,37.64642573
어수정낚시터,"218001308",126.88978140,37.69659755
흥도동행정복지센터,"218000675",126.85421770,37.64643398
일산동구청.대양호텔,"219000956",126.77337840,37.65713675
원마운트.아쿠아리움,"219001074",126.75332030,37.66319668
양지마을2단지,"219001060",126.77310350,37.66607001
대영관사,"218000642",126.86887340,37.60836248
신평로삼거리,"218001205",126.78606100,37.62501218
신원마을2단지후문,"218001210",126.89099620,37.66842244
활천교회,"219000483",126.70080400,37.68477707
덕이중학교,"219000717",126.75305260,37.70297225
벽제3통마을회관,"218001293",126.91217820,37.73434306
상골,"219000660",126.81071960,37.71458409
명현학교,"218001105",126.88471470,37.65431589
무원마을6단지.두산아파트,"218001037",126.83250570,37.61340345
제이타운,"218000291",126.85275200,37.72160322
백송마을8단지,"219001034",126.79341810,37.65078820
고양어울림누리(마을),"218000905",126.83472610,37.64750725
주유소앞,"218000622",126.89710130,37.72168888
삼송도서관.고양중,"218001264",126.88510810,37.64859922
하누리타운빌리지,"219000737",126.75410580,37.69313729
내곡1동,"218001221",126.80657440,37.64388143
박재궁,"218000862",126.83391480,37.66817159
하누리타운빌리지,"219000738",126.75365910,37.69335945
솔개마을입구,"218001053",126.87740680,37.65390765
새벽교회,"218000827",126.85880730,37.72159105
동화길,"218001284",126.87566580,37.59853348
부대앞,"218000525",126.88595980,37.62847582
매미골,"218001203",126.94949760,37.66225787
고려분재연구원.금륜사앞,"218000569",126.89876880,37.62391728
은장고개,"219000730",126.73813810,37.70109283
노인복지관,"218001084",126.83733130,37.64800056
고양유스호스텔,"218001299",126.89418130,37.69975964
하늘마을2단지,"219000590",126.78320600,37.68218559
노인복지관,"218001085",126.83768250,37.64820949
대영관사,"218000643",126.86957130,37.60865306
달빛4단지후문,"218001343",126.83211930,37.64057558
이산포상회,"219000871",126.72193670,37.66308889
일산화훼단지,"218000634",126.80120270,37.62691498
삼보마트,"218001014",126.83881840,37.61589907
신원마을2.4단지,"218000653",126.89065520,37.66536335
햇빛마을20.22단지,"218000987",126.83796680,37.62463303
산황동,"219001019",126.80606060,37.64785493
덕은동,"218000593",126.86073150,37.58141933
예슬마을,"219000419",126.68569280,37.68313862
대화교통사무실,"219001088",126.72781480,37.66646908
삼능교회,"218000882",126.85055230,37.67627008
멱절마을입구,"219000880",126.72991110,37.65745062
도래울고등학교,"218000753",126.86998450,37.62814272
햇빛마을24단지,"218000988",126.84059640,37.62199366
원당중학교,"218001255",126.82416660,37.66304272
예슬마을,"219000816",126.68577150,37.68320160
일산중심병원,"219000732",126.74716790,37.70024260
용사촌입구,"218000551",126.89965350,37.64719399
미래빌라,"218001111",126.89531280,37.70197721
효성레제스오피스텔(마을),"219001029",126.78634080,37.64140354
두신마을사거리,"219001108",126.72566920,37.69471457
고양(백석)종합터미널,"219000995",126.79057940,37.64301265
동국로삼거리,"219001008",126.80681380,37.68475912
미래빌라,"218000960",126.89521140,37.70205769
신원마을3단지후문,"218001148",126.89451170,37.66448928
하이파크시티2단지,"219001105",126.75069420,37.70246312
육골,"218001271",126.86758630,37.64112102
일산화훼단지,"218000635",126.80103240,37.62678989
아쿠아리움,"219001073",126.75402110,37.66261890
거그뫼,"219000783",126.70513420,37.69613828
화전사단앞,"218000646",126.87269700,37.61248555
지영교,"219001160",126.83747790,37.72313617
중앙하이츠아파트후문,"219000741",126.73961060,37.69927330
킨텍스원시티3단지,"219000577",126.75107960,37.66157440
16단지.삼송초교,"218001187",126.88329500,37.65399854
양조장,"218000927",126.82643390,37.65773520
이전마을회관,"219000634",126.79986270,37.69967451
마을삼거리,"218001101",126.88551600,37.63414233
강고산,"218001026",126.84376200,37.59874997
GS자이아파트정문,"219000877",126.72978390,37.67027039
신원마을2.4단지,"218000652",126.89095030,37.66560754
덕이상가,"219000756",126.73706490,37.68957368
방범초소,"219000872",126.72344750,37.66238238
세종명가빌라,"218001247",126.89854110,37.70274880
가좌마을6단지후문,"219000752",126.72500670,37.69006248
소만마을5.6단지,"218000963",126.84203230,37.61429596
덕양구청후문,"218000854",126.83334770,37.63793426
삼송마을11단지.대학생연합생활관,"218001324",126.86792830,37.65025948
흥도동행정복지센터,"218001175",126.85168650,37.64434344
원골마을회관,"218000598",126.86442950,37.58115925
대장골입구,"218001135",126.85330590,37.63860947
벽제3통마을회관,"218001294",126.91211690,37.73444203
마두역,"219000702",126.77743980,37.65221665
원당역,"218001083",126.84388520,37.65307870
화정역3호선,"218001046",126.83241050,37.63534731
대장17통마을회관,"218000845",126.81512400,37.63738901
위시티주상복합단지,"219000703",126.81139970,37.67799142
2단지라이프아파트앞,"218001009",126.83701980,37.64598623
이산포상회,"219000870",126.72193160,37.66301379
화훼단지,"219000768",126.72677040,37.67751183
용두동,"218000661",126.87879850,37.62122481
동국대병원후문,"219510250",126.80522540,37.67747835
용두2리,"218001241",126.88983610,37.62604864
순애원,"218000800",126.87206480,37.71541996
일산중심병원입구,"219000720",126.74716110,37.69928665
한영하이츠,"219000800",126.78993420,37.71493615
원마운트,"219000999",126.75357520,37.66447461
구)삼능상회,"218000880",126.85080630,37.67876861
무원마을8단지신안아파트.농협앞,"218001039",126.83248610,37.61452450
우리은행앞,"218001209",126.88445750,37.65099956
어린이교통공원,"219000657",126.79401100,37.64306299
아랫말,"218001018",126.91037830,37.67772609
지도초.중학교,"218000976",126.83514350,37.62738917
서정마을사거리,"218001131",126.85207790,37.61646474
명성운수종점,"218001350",126.84726220,37.72678315
두신마을마을회관,"219001115",126.72233110,37.69861495
마로어린이집,"218000787",126.85686380,37.71037866
약산마을사거리,"219000291",126.79128450,37.68329026
명성운수종점,"218001344",126.84722760,37.72671068
마을회관앞,"218000610",126.87636830,37.58923798
위시티1.3단지,"219000776",126.81062830,37.68225483
햇빛마을23단지,"218001066",126.83968620,37.62421175
덕이고등학교,"219001099",126.75443930,37.69633373
복지회관,"218000955",126.90162310,37.70233638
킨텍스,"219000674",126.74173770,37.66831474
우일시장,"218000901",126.83815210,37.66319864
독곶이마을회관,"218000921",126.82127670,37.65389188
덕은동입구,"218000606",126.87563900,37.58168630
신동아아파트,"219000739",126.74645600,37.69597931
민방위교육장,"218000777",126.83720680,37.63024051
칼빌리지,"219000707",126.81000500,37.71687954
샛말빌라단지입구,"218000766",126.86572440,37.71354431
숲속마을8단지후문,"219000810",126.79921770,37.67302144
대화마을8.9단지,"219000417",126.73357120,37.66843745
옥빛마을13단지,"218000511",126.83401070,37.63219831
서정마을7단지,"218000734",126.84427410,37.61439763
동서기획,"218000820",126.87896620,37.70065287
군부대앞,"218000908",126.82329770,37.64482500
산황동,"219000895",126.80737600,37.64951215
마을회관,"218001276",126.87112170,37.64556564
GIFC타워,"219001175",126.74895860,37.66586868
독굴말골입구,"219001016",126.83222200,37.71295878
희망양로원,"218000830",126.85281160,37.71924764
장월목장,"219000439",126.68771440,37.68281592
멱절,"219000803",126.73308470,37.65835830
용두동,"218000660",126.87863280,37.62135425
가좌동사거리,"219001126",126.72453670,37.68583676
위시티3.4단지,"219000706",126.81265840,37.68096009
교산길,"219000900",126.81278930,37.64928047
더샵그라비스타.힐스테이트일산,"219000766",126.74708280,37.66388545
저동초교,"219001062",126.77486290,37.66751949
가좌동사거리,"219001125",126.72457090,37.68604947
흥도슈퍼,"218001139",126.85037730,37.64167493
두신마을사거리,"219001109",126.72558640,37.69482026
원흥역2번출구,"218000695",126.87360440,37.64962475
희망식당,"218001322",126.87112590,37.70780186
덕이상가,"219000684",126.73701940,37.68947564
원마운트,"219000998",126.75343920,37.66483783
원시티1.2단지,"219000790",126.74777190,37.66407842
대곡역입구,"218001235",126.81562060,37.63647260
삼성캐슬,"218001017",126.85346910,37.71472655
중부대학교,"218001189",126.88882850,37.71176581
행신3동행정복지센터,"218001217",126.83861140,37.62650607
동국대병원사거리,"219000789",126.80651890,37.67418045
송산9통,"219000656",126.72451960,37.69319603
민방위교육장,"218001068",126.83719090,37.63001806
원당초등학교,"218000912",126.83663790,37.66131843
도래울6.7단지,"218000663",126.86826650,37.62556154
도촌,"219000815",126.69826390,37.66934646
덕양노인복지관,"218000926",126.83592790,37.64854524
용정초교,"218001341",126.83051460,37.64087792
환경사업소,"219000881",126.72609500,37.65919983
한산초교.덕이고교,"219001096",126.75277380,37.69601280
천사의집,"218000804",126.89302020,37.70752893
대곡역,"218001236",126.81115650,37.63180839
여래사앞,"218000788",126.85889520,37.71149739
호반21단지.동산초등학교,"218001099",126.88596750,37.64686429
위시티2단지후문,"219001030",126.81390530,37.68255343
빛마루.이비에스,"219001076",126.75406530,37.66114328
임광아파트,"219000914",126.79636040,37.65395461
지축역,"218001179",126.91438160,37.64893726
양평해장국,"219000811",126.77186150,37.64200298
중간내유동,"218000676",126.84820180,37.72077214
동아공업사,"218001206",126.83518340,37.65978590
관산동행정복지센터.벽제시장,"218001048",126.86540840,37.68838227
삼송마을20단지후문,"218001261",126.88789010,37.64955988
전원마을입구,"219001162",126.80450010,37.68409442
대자동마을회관,"218000821",126.87830570,37.69768146
에이스아파트,"219001043",126.79780970,37.66156767
고양시청후문,"218000940",126.83267640,37.65909039
사리현동문아파트,"219000927",126.84534680,37.69938184
서울시립고양병원입구,"218000530",126.85200480,37.71223607
옥빛마을14.15단지,"218001000",126.83332490,37.62869880
토당육교교차로,"218000353",126.82209690,37.62875335
