STATION_ID,STATION_NM,GETON_CNT
218001046,화정역3호선,229091
218001083,원당역,219186
218000974,화정역3호선,197084
219000193,대화역,191696
219000193,대화역,169990
219000366,대화역,124336
219000370,마두역(중),109163
219000356,일산동구청(중),106132
218001200,삼송역8번출구,102704
219000163,백석동.요진와이시티(중),92881
219000189,주엽역(중),84017
219000191,일산동구청(중),77164
218000284,삼송역5번출구,75079
219000366,대화역,74902
219000383,마두역(중),74457
219000191,일산동구청(중),74259
219000383,마두역(중),73800
219000189,주엽역(중),70378
219000363,주엽역(중),67718
219000045,백마역,67364
219000131,일산동부경찰서(중),66202
218000019,화정역.롯데마트,59325
218001280,삼송역3번출구,56268
219000446,백석역.고양종합터미널,55610
218000090,삼송역4번출구,53189
219000370,마두역(중),52979
219000363,주엽역(중),51608
219000356,일산동구청(중),50599
219000130,일산동부경찰서(중),46311
218000627,삼송역6번출구,45904
219000130,일산동부경찰서(중),44307
218000317,행신초등학교(중),42247
218000463,행신역,40390
219000386,백석동.요진와이시티(중),39706
218000696,원흥역3번출구,38260
219000176,중산마을10단지.동신아파트,37242
219000625,현대백화점,36352
218001189,중부대학교,35946
219000368,백석역(중),35690
218001104,스타필드후문,34342
219000583,동국대병원정문,33375
218000316,고양경찰서(중),33047
218001210,신원마을2단지후문,32979
219000192,강선마을(중),30807
218000102,화정1동행정복지센터,27801
219000335,해태쇼핑.중산사거리,27209
219000174,산들대림아파트.롯데마트,26423
219000446,백석역.고양종합터미널,26186
219000364,문촌마을(중),25767
218000952,지축역,25578
219000044,백마역,25396
218000874,리스쇼핑.원당시장,24537
219001091,가좌마을5.6단지,24379
219000385,안산공원(중),24254
218000014,별빛마을8단지.롯데마트,23991
218000320,고양경찰서(중),23871
219000110,국립암센터,23761
219000190,강선마을(중),23700
218000318,행신동(중),23689
219001045,숲속마을1단지,23612
219000121,송포파출소.송포농협,23415
218000992,명지병원,22824
219000706,위시티3.4단지,22806
219000190,강선마을(중),22374
219000462,숲속마을7.8단지,22359
218000101,명지병원.달빛마을3단지,22262
218000319,행신초등학교(중),22013
218000165,내유동,21835
219000175,중산마을입구.쌍용아파트.실로암병원,21766
218000463,행신역,21592
219001107,탄현역,21482
219001048,단풍마을1단지,21470
219000192,강선마을(중),21418
218000156,관산동.벽제시장,21255
219000128,백병원(중),20808
219000364,문촌마을(중),20788
219000061,일산역,20628
219000365,백병원(중),20597
218000072,덕양구청,20337
218000099,화정역.덕양구청,19856
218001019,행신역,18961
219000122,현대파크아파트.양우아파트,18897
219000365,백병원(중),18642
219000131,일산동부경찰서(중),18614
218000102,화정1동행정복지센터,18476
218000119,무원마을.단독주택단지,18463
218000100,화정동단독주택단지,18447
218000050,고양동시장,18347
219000704,위시티주상복합단지,18164
218000096,옥빛17단지.롯데마트고양점,18153
218000177,고양동시장,18114
218000193,능곡역.능곡시장,18095
218000225,신원마을3단지,18046
219000460,숲속마을4.5단지,18033
219000112,밤가시마을,17934
219000329,백석역.고양종합터미널,17912
219000454,알미공원(중),17860
219000913,더샵그라비스타.이마트킨텍스점,17748
219000123,철산아파트.탄현역앞,17740
219000199,후곡한양아파트,17630
218000637,소만마을(중),17555
219000315,탄현효성주은아파트,17541
219000168,마두1동행정복지센터,17529
218000014,별빛마을8단지.롯데마트,17366
218000691,도래울마을2.3단지,17239
219000136,철산아파트.탄현역앞,17197
218000177,고양동시장,17189
218000164,윗내유동.희망양로원,17006
219001119,가좌고등학교,16822
219000385,안산공원(중),16733
218001324,삼송마을11단지.대학생연합생활관,16583
218000078,행신동(중),16574
218000116,리스쇼핑.원당시장,16568
219001031,위시티1단지후문.양일초교,16323
218000030,관산동.벽제시장,16312
219000149,중산마을10단지.동신아파트,16259
219000114,후곡롯데아파트,15946
218001097,신원초교.현대8단지,15908
219000129,문촌마을(중),15575
219001036,숲속마을2단지,15552
219000301,일산시장,15534
219000041,백송마을1.2단지,15346
219000299,탄현서광아파트,15309
219000174,산들대림아파트.롯데마트,15049
218000118,샘터마을2단지.신능중학교,14944
218000094,신원당마을입구,14854
219000015,백석역6번출구,14666
219000015,백석역6번출구,14629
219000706,위시티3.4단지,14580
219000128,백병원(중),14575
219000129,문촌마을(중),14498
218001009,2단지라이프아파트앞,14376
219000064,일산역,14353
219000207,마두1동행정복지센터,14168
219000434,송포초교,13883
218000087,가라뫼.한전앞,13823
219000316,탄현큰마을.동성아파트,13776
218000161,가장동,13743
218000651,푸른마을동익아파트,13625
218000495,목암초.중교,13443
219000673,킨텍스,13379
218000113,리스쇼핑.원당시장,13279
219000204,국립암센터,13148
218000156,관산동.벽제시장,13143
218000636,소만마을(중),13072
219001121,가좌마을2.3단지후문,13068
219000178,중산6단지.중산초교.중산중학교,13053
219000565,가좌마을.킴스.벽산A516동,12981
218000664,계룡리슈빌,12920
219000312,일산시장,12910
218000653,신원마을2.4단지,12826
218000152,서울시립승화원,12762
218000698,원흥역8번출구.방송통신대앞,12722
218000651,푸른마을동익아파트,12626
218001268,농협하나로클럽,12614
218001333,삼송동일스위트2차아파트,12586
219000157,백석고등학교,12527
219000779,위시티5단지,12320
218000897,오익코사마트,12276
218000652,신원마을2.4단지,12191
219001168,탄현임광.진흥아파트,12156
218000696,원흥역3번출구,12128
219000991,사리현동문아파트,12075
219000126,농수산물센터,12055
218000984,신원마을6단지정문앞,12024
218001361,DMC해링턴플레이스,11929
219000110,국립암센터,11849
219000271,만자고개,11849
218000489,능곡병원,11816
219000113,일산3동행정복지센터,11806
219000213,흰돌5단지.서안아파트,11763
218001356,DMC리슈빌.DMC호반2.3단지,11754
219000257,청석궁.성석동감내,11733
218000112,고양시청.덕양구보건소,11705
218000981,신원마을5단지,11669
218000134,서정마을(중),11630
218000020,고양경찰서앞.고양어린이박물관,11544
218000680,도래울마을5.6단지,11490
218000495,목암초.중교,11477
219000256,일산국제컨벤션고교,11418
219000168,마두1동행정복지센터,11389
218000213,서울시립승화원,11358
219000240,일산복음병원.일산하이병원,11346
218000162,고골입구,11325
219000817,청원네이쳐빌,11310
218000066,고양시청.주교동.덕양구보건소치매안심센터,11301
219000310,신일초등학교,11242
218000113,리스쇼핑.원당시장,11195
219000133,농수산물센터,10910
219000357,롯데백화점,10858
219000407,산들마을5단지,10847
219000018,백마마을2.3단지,10822
219000239,북일산전화국.일산2동행정복지센터,10816
219000635,탄현동문아파트,10802
218000275,세수동,10753
219000043,백마중학교,10737
219000665,하이파크시티4.5단지,10707
219000452,호수마을(중),10535
219001173,킨텍스꿈에그린.원시티1단지,10522
218000987,햇빛마을20.22단지,10480
219000161,흰돌마을.서안아파트,10467
219000046,백마중학교,10387
218000116,리스쇼핑.원당시장,10357
219000323,해태쇼핑.중산사거리,10320
219000944,벽제초등학교,10245
219000112,밤가시마을,10195
219000177,삼성아파트.중산마을8단지,10174
219000309,문화초등학교,10150
219000449,정발산동행정복지센터,10084
218000071,화정동단독주택단지,10084
218000653,신원마을2.4단지,10025
218000226,신원마을1단지.신원중,9943
219000010,롯데백화점,9923
218000961,신원마을7단지,9921
218001103,동원17단지,9916
219000878,한라아파트.대송중학교후문,9866
219000017,백석1동행정복지센터,9865
219000200,일산3동행정복지센터,9858
219000003,앵골.광성교회,9840
218000669,신원마을9.10단지,9835
218000098,근린공원,9835
219000625,현대백화점,9810
219000198,후곡건영동부아파트,9780
219000813,동문3차아파트,9766
218000075,햇빛18단지.롯데마트고양점,9748
218000145,서정마을(중),9738
218001182,16단지.삼송초교,9686
219000201,밤가시마을,9632
219000347,오마중학교,9597
218000225,신원마을3단지,9550
218000097,화정2동행정복지센터,9480
219000196,성저공원.대화동행정복지센터,9478
218000176,현대아파트,9469
218000069,화정1동행정복지센터,9464
218000186,흥도초등학교,9444
218000157,관산주공아파트.관산동행정복지센터,9434
218000627,삼송역6번출구,9429
219000039,백석도서관.일산병원,9411
218000205,능곡고교,9402
219000020,후곡마을7.8단지,9391
219000064,일산역,9373
219000336,고봉초교.중산고교,9337
218001350,명성운수종점,9245
219000728,고양예고입구,9214
219000158,금계초등학교.이마트,9210
219000300,동문아파트,9176
219000004,일산가구공단,9154
219000347,오마중학교,9032
218000697,원흥역1번출구.방송통신대,9006
219000606,풍산역,8982
219000285,신촌초등학교,8982
219000252,북일산전화국.일산2동행정복지센터,8970
218000021,내유동,8935
218000213,서울시립승화원,8836
218000070,명지병원.은빛마을5단지,8813
219001064,일산경찰서,8801
218000695,원흥역2번출구,8732
218000030,관산동.벽제시장,8726
219000182,탄현2단지.삼익아파트,8711
218001072,서정마을2단지,8706
219000151,산들마을.대림아파트.롯데마트,8629
218000901,우일시장,8607
218001071,가라뫼사거리,8599
218000725,관산주공아파트.관산동행정복지센터,8573
219000313,동문태영아파트,8561
218001358,향동숲내초등학교.DMC호반4단지,8388
219000951,GS자이아파트후문,8356
219000045,백마역,8354
219000207,마두1동행정복지센터,8347
219000464,숲속마을7.9단지,8293
219000946,모당초등학교,8278
218000127,샘터3단지.고양시교통정보센터,8277
218000691,도래울마을2.3단지,8254
218000343,허스A,8244
219000150,쌍용아파트.중산마을입구,8229
218000103,고양어울림누리.달빛마을1단지,8195
218000050,고양동시장,8192
219000019,백마마을1.5단지,8173
218000506,원당약국.원당시장정문,8107
219000206,백마벽산아파트,8076
218001049,관산주공아파트,8064
219000208,백마한양아파트,8047
218001032,소만마을1.2.3단지,7991
219000202,정발산동행정복지센터,7964
219001002,라페스타.먹자골목,7942
218000091,신원당마을입구,7917
218001044,하이마트사거리,7885
219000256,일산국제컨벤션고교,7850
219000453,흰돌마을(중),7817
218000892,리스쇼핑.원당시장,7783
218000101,명지병원.달빛마을3단지,7769
219000827,설문동,7757
219000197,성저마을13.14단지,7737
218000690,도래울마을1단지,7737
219000023,대진고등학교,7730
218001337,호반22단지정문,7686
218000641,고양동산초등학교.창릉동행정복지센터,7654
219001075,빛마루.이비에스,7636
219000465,세원고교입구.동국대병원사거리,7521
218000267,원당역,7498
218000133,행신도서관,7476
218001153,가라뫼사거리,7459
219000443,가좌양우대우아파트,7435
219000121,송포파출소.송포농협,7404
219000711,위시티입구,7380
219001046,숲속마을1단지,7371
218000812,중부대학교입구,7360
218000680,도래울마을5.6단지,7358
219000184,탄현마을5.6단지,7334
219000430,대송중학교,7320
219000285,신촌초등학교,7318
219000449,정발산동행정복지센터,7314
218000742,달빛마을1단지분수대앞,7290
218000117,고양시청.덕양구보건소,7257
218000284,삼송역5번출구,7239
219000457,풍동상가단지,7203
218000155,신성아파트,7202
219001147,일산에듀포레푸르지오후문,7190
218000176,현대아파트,7188
219000921,하늘마을4단지,7184
219000167,백석초등학교,7179
219000253,일산시장,7171
218000104,성사2동행정복지센터,7155
218000016,능곡중학교,7141
218000740,5단지관리사무실앞,7119
218001070,서정마을1단지.덕양행신종합사회복지관,7063
218000126,샘터마을2단지.신능중학교,7040
218000018,능곡병원,7030
219000904,모당초등학교,6993
219000355,정발고등학교,6972
219001155,현대모터스튜디오고양,6942
219000453,흰돌마을(중),6900
218001004,원당역,6898
219000122,현대파크아파트.양우아파트,6893
218000085,행신SK뷰아파트,6876
219000255,발산중학교,6788
218000107,원릉역,6763
218000011,은빛마을6단지,6743
219000201,밤가시마을,6742
219001069,풍산역,6738
218001043,무원마을10단지.서광아파트,6736
218000012,대곡역(중),6727
218000520,능곡역,6725
218000019,화정역.롯데마트,6717
219000435,가좌동.구종점,6690
218000695,원흥역2번출구,6656
218000503,원당대림아파트,6648
219000305,신일초등학교,6550
218000018,능곡병원,6521
218000155,신성아파트,6508
219000113,일산3동행정복지센터,6502
219000406,산들마을5단지,6482
219000335,해태쇼핑.중산사거리,6466
219000931,소개울,6458
218000930,도래울마을4단지,6447
218000330,가라뫼,6439
218001266,도래울초등학교,6397
219000273,덕이동문아파트,6337
218000226,신원마을1단지.신원중,6314
218000073,근린공원,6295
219000375,풍3동,6273
219000135,서울도시가스,6260
218000182,보라빌라,6256
218001112,이전유통,6243
218000192,능곡초등학교,6242
218000520,능곡역,6191
218000100,화정동단독주택단지,6176
219000617,성저마을14단지,6114
219000403,일산시장,6062
218001194,고양시청,6059
218000068,고양어울림누리.달빛마을1단지,6029
219000009,홈플러스,6022
219000044,백마역,6006
218000769,서정마을1단지후문,5981
218000119,무원마을.단독주택단지,5966
218000741,5단지삼성.삼익아파트앞,5955
218000703,더퍼스트프라임,5934
219000210,백석1동행정복지센터,5931
218000013,고양경찰서앞.고양어린이박물관,5916
218000988,햇빛마을24단지,5890
218000752,도래울고등학교,5876
218000791,초이스마트,5874
219000927,사리현동문아파트,5868
218000690,도래울마을1단지,5864
219001040,풍동고.다솜초교.풍동도서관,5852
218000681,도래울마을5.6단지,5824
219000458,풍동상가단지,5808
218000973,별빛901동,5802
218000161,가장동,5794
219000332,신일중학교,5766
219000111,초가집.저동고교,5753
218000081,행신동삼거리.무원마을10단지,5749
219000126,농수산물센터,5742
219000842,은행마을1단지,5731
219000124,서울도시가스,5726
218000942,서초아파트입구,5717
218000911,원당초등학교,5702
218000114,성사1동행정복지센터,5698
219000012,호수초교,5689
218000121,소만마을6.7단지,5651
218000152,서울시립승화원,5634
218000182,보라빌라,5616
219000999,원마운트,5612
218000084,행신동삼거리,5593
219000338,상감천마을,5586
219000199,후곡한양아파트,5581
219000704,위시티주상복합단지,5555
219000010,롯데백화점,5553
218000697,원흥역1번출구.방송통신대,5551
218000089,행신초등학교,5550
219000610,저동중고교,5549
218000163,내유초등학교,5544
218000181,고양동삼거리,5514
218000761,햇빛마을19단지.백양고,5510
218000972,별빛관리사무소,5489
218000193,능곡역.능곡시장,5469
219000558,안곡중고교,5468
219000459,숲속마을4단지,5465
219000251,일산복음병원.일산하이병원,5434
219000714,저동초교삼거리,5414
219000334,중산공원.중산파출소,5394
218000652,신원마을2.4단지,5382
219000216,호수초교,5354
219000022,성저공원.대화동행정복지센터,5345
218000974,화정역3호선,5335
219000002,일산가구공단,5325
218000539,토당KCC아파트,5323
218001268,농협하나로클럽,5315
219000626,현대백화점,5307
219000361,일산노인종합복지관,5293
218000501,성사고등학교,5271
219000205,정발고등학교,5263
219000407,산들마을5단지,5243
219000302,현대홈타운.일산서구보건소치매안심센터,5232
219000711,위시티입구,5222
218000445,무원마을3단지,5219
218000215,신원마을1단지.신원중,5218
219000209,백송마을8.9단지,5218
219000030,일산병원사거리,5207
219000255,발산중학교,5177
219000670,하이파크시티2.3단지,5156
218000085,행신SK뷰아파트,5147
219000848,위시티2.4단지,5140
219000183,상탄초교,5124
219000251,일산복음병원.일산하이병원,5113
219000019,백마마을1.5단지,5063
218000270,가시골,5051
218001000,옥빛마을14.15단지,5023
218000665,계룡리슈빌,5018
219000316,탄현큰마을.동성아파트,5014
218001149,화정역4번출구,5010
218000975,이마트,5006
218000013,고양경찰서앞.고양어린이박물관,4994
219000691,경남아너스빌.탄현역,4993
218000762,햇빛마을19단지.백양고,4989
218000330,가라뫼,4977
218000899,방범초소,4957
218001209,우리은행앞,4936
218000074,화정2동행정복지센터,4909
219000008,호수공원,4908
218001325,이케아.롯데아울렛고양점,4885
219001003,고양세무서,4872
218000112,고양시청.덕양구보건소,4835
218000505,동양쇼핑.원당시장후문,4815
219000360,호수공원,4779
219000241,약산마을.애니골입구,4773
218000459,신원마을3단지,4756
218000530,서울시립고양병원입구,4746
218000753,도래울고등학교,4745
218000272,삼송마을14.15단지,4720
219000202,정발산동행정복지센터,4715
218000093,신원당마을7단지,4704
218000749,은강교회,4700
218000997,5단지엘지.신성아파트앞,4687
218000217,삼송주택앞,4687
218000178,고양동사거리,4677
219000162,백석역3번출구,4666
219000042,문촌초등학교,4659
218000192,능곡초등학교,4612
218000115,성사1동행정복지센터,4594
219000119,대화중학교.종합운동장,4592
219000167,백석초등학교,4587
218000088,샘터마을2단지,4585
219000007,대우.삼성오피스텔,4564
218000698,원흥역8번출구.방송통신대앞,4562
219001000,홈플러스,4557
219000557,킨텍스원시티2단지,4557
218000505,동양쇼핑.원당시장후문,4551
218000197,능곡초교,4548
218000009,능곡고교,4510
218000678,삼혜그린뷰아파트,4506
219000006,일산노인종합복지관,4502
219000262,일산국제컨벤션고교,4500
219000357,롯데백화점,4486
219000355,정발고등학교,4478
218000277,삼송마을18.19단지,4458
218001081,관산동행정복지센터.벽제시장,4452
218001062,햇빛마을18단지,4450
218001330,도래울2단지상가,4439
219001058,밤가시7.8단지.광림교회,4436
218000106,주교동.원릉방앗간,4432
218000081,행신동삼거리.무원마을10단지,4419
218000218,삼송역사거리.지축차량기지입구,4407
218001362,DMC해링턴플레이스,4396
218001087,신한은행,4381
218000029,고양외고.고양제일중학교,4378
219000992,은행마을3단지,4376
219000166,백신중학교.이마트,4357
218000770,추모공원하늘문,4352
219001047,성원아래정류장,4349
219000196,성저공원.대화동행정복지센터,4338
218000049,고양동사거리,4334
219000667,하이파크시티3.5단지,4334
219000281,덕이동로데오거리,4323
229000001,장고개,4321
218000688,단독주택단지,4316
218000105,고양시청.덕양구보건소치매안심센터,4310
218001109,햇빛마을21단지,4307
219001175,GIFC타워,4299
218000465,스타필드후문,4279
219000945,벽제초등학교,4272
218000745,영흥빌라,4267
219000311,현대홈타운.일산서구보건소치매안심센터,4264
218000031,새서울아파트,4256
218000748,은강교회,4244
218000677,중간내유동,4235
219001140,탄현에이스아파트,4232
219000714,저동초교삼거리,4217
219000336,고봉초교.중산고교,4210
219000839,은행마을2단지,4201
219000858,장성초교,4200
219000200,일산3동행정복지센터,4196
218000118,샘터마을2단지.신능중학교,4195
218001091,별빛912동,4146
219000556,안곡중고교,4103
219000272,중앙하이츠아파트,4094
219000326,신일중학교.밤가시마을,4089
219001146,푸르지오아파트,4086
218000197,능곡초교,4075
219000284,신촌초등학교,4069
219000488,현산중학교,4066
218000084,행신동삼거리,4064
218000178,고양동사거리,4061
219000040,백석도서관.일산병원,4059
219000608,풍산역,4050
218000516,용현초교.행신중학교,4038
218001347,내유동커뮤니티센터,4036
219001165,일산센트럴아이파크,4027
218000196,능곡시장,4011
218000022,윗내유동.희망양로원,4008
219001061,저동초교,3983
219000323,해태쇼핑.중산사거리,3969
218000504,세창짜임아파트,3959
219000186,탄현마을6.7단지,3955
219000043,백마중학교,3954
219000133,농수산물센터,3953
218001088,신한은행,3953
219001071,일산병원사거리,3949
218000086,무원고교,3947
218000948,우인아파트,3943
219000329,백석역.고양종합터미널,3938
219000021,성저마을13.14단지,3923
219000054,동국대병원사거리,3920
218000746,이전유통,3915
218000114,성사1동행정복지센터,3903
219000115,오마초등학교,3902
218001326,이케아.롯데아울렛고양점,3895
218000510,명승세도나빌딩,3893
219000770,고양송암고등학교,3867
219000114,후곡롯데아파트,3855
218001047,시립도서관,3854
219000046,백마중학교,3852
219000263,발산중학교,3848
218000700,삼송마을18단지,3823
219000808,하늘마을3단지,3801
219000208,백마한양아파트,3790
218000993,지도초.중학교,3789
218000051,고양현대아파트,3784
219000115,오마초등학교,3781
218000909,임창아파트,3769
218000906,산장아파트,3766
218001326,이케아.롯데아울렛고양점,3762
218001086,그레이스빌,3760
218000181,고양동삼거리,3755
218000026,가장동,3750
218001178,호반22단지후문,3749
218000039,토당고가.별빛마을9단지,3739
218000321,소만마을8.9단지,3730
218000041,흥도초등학교,3729
219000296,탄현큰마을.동성아파트,3718
218000504,세창짜임아파트,3712
218000179,신성빌라.동익아파트,3705
219000626,현대백화점,3704
218000282,원당역,3698
219000197,성저마을13.14단지,3694
219001035,백송마을8단지,3693
219000957,홈플러스,3693
219000597,하늘마을3단지,3677
218000120,무원마을2.3단지,3673
218000202,대곡역(중),3654
218001330,도래울2단지상가,3652
219000042,문촌초등학교,3648
219000270,백송고등학교.백송마을,3622
218001066,햇빛마을23단지,3621
219000722,고양예고후문,3615
219000412,대화동,3611
218000137,항공대입구(중),3607
218000025,고골입구,3599
219000284,신촌초등학교,3589
219001164,일산센트럴아이파크,3572
218001104,스타필드후문,3560
218000234,토당고가.별빛마을9단지,3559
218000140,덕은동(중),3544
218000542,샘터마을1단지.무원고등학교,3541
218000688,단독주택단지,3540
218000693,도래울마을2.3단지,3537
218000147,행신도서관,3535
218000064,윗배다리,3534
218000517,서정마을입구,3520
219000490,일산약국,3502
218000208,맨돌,3501
219000088,현대그린아파트.예술인력개발원,3498
219000619,신일비즈니스고등학교,3496
218001183,원흥역5번출구,3438
219000203,초가집.저동고교,3427
218000501,성사고등학교,3423
218000215,신원마을1단지.신원중,3415
219000240,일산복음병원.일산하이병원,3410
219001012,동문굿모닝힐1차오피스텔,3408
218000342,대림.양우아파트,3398
219000748,강선마을16.17단지,3373
219000158,금계초등학교.이마트,3369
219000016,일산병원,3365
218000194,능곡전화국,3363
219000157,백석고등학교,3360
218000459,신원마을3단지,3358
218000681,도래울마을5.6단지,3356
219000242,사단앞,3353
218001080,시립도서관,3344
219000248,동국대병원사거리,3337
218000506,원당약국.원당시장정문,3333
219000179,중산마을2단지.해태쇼핑.코오롱아파트,3332
219000362,주엽초등학교,3328
219000727,고양예고입구,3318
218000232,옥빛마을16단지,3304
219000907,라페스타.먹자골목,3303
219000308,강선초등학교,3285
218001096,호반22단지정문,3266
218000029,고양외고.고양제일중학교,3265
219000309,문화초등학교,3247
219000627,한수초등학교,3235
219000339,성석동,3230
219000086,사리현동입구,3209
218000725,관산주공아파트.관산동행정복지센터,3204
219000248,동국대병원사거리,3197
219001133,현대백화점후문,3196
219000182,탄현2단지.삼익아파트,3188
219000061,일산역,3180
218000645,화전사단앞,3178
218000067,성사2동행정복지센터,3173
218000196,능곡시장,3167
219000024,농수산물센터,3161
218000017,능곡중학교,3145
218000122,소만마을8.9단지,3144
219000151,산들마을.대림아파트.롯데마트,3142
218000158,고양외고.고양제일중학교,3137
218000117,고양시청.덕양구보건소,3131
218001355,DMC리슈빌.DMC호반2.3단지,3102
219000809,하늘마을6단지,3071
218000796,샛말빌라단지입구,3068
218000999,롯데마트고양점,3066
219000674,킨텍스,3060
218000072,덕양구청,3043
219001162,전원마을입구,3043
218000805,윤창아파트,3040
218001258,향동DMC하우스디,3036
219000378,풍3동,3032
219001037,숲속마을2단지,3030
219000692,경남아너스빌.탄현역,2989
218001329,도래울2단지상가,2980
218000503,원당대림아파트,2971
219001068,숲속마을8단지후문,2969
219000030,일산병원사거리,2965
219000408,일산서구보건소,2961
218000220,동산동능모퉁이.한국지역난방공사,2960
219000317,탄현큰마을.쌍용아파트,2951
219000665,하이파크시티4.5단지,2931
219000214,백신고교,2925
219001001,일산동구청,2921
219000823,백송마을3단지,2908
218000336,벽제교삼거리,2908
219000354,백석동우체국,2906
218000092,신원당마을7단지,2905
219001029,효성레제스오피스텔(마을),2903
219000676,킨텍스제2전시장,2900
219000972,일산건영A.일산동고등학교,2895
218000693,도래울마을2.3단지,2888
219000204,국립암센터,2886
218000180,푸른마을10단지.대명교회앞,2886
219001015,동문굿모닝힐2차오피스텔,2882
219000337,부대앞,2879
218000049,고양동사거리,2871
218001186,벽산아파트후문,2860
219000213,흰돌5단지.서안아파트,2840
219000779,위시티5단지,2838
219000795,중산고등학교,2836
219000949,백송마을7단지,2834
219000029,청석궁.성석동감내,2833
219001138,현산초등학교,2831
219000408,일산서구보건소,2826
218000946,벽산아파트정문,2826
219000912,하늘마을4단지,2812
219000195,대진고등학교,2805
218000020,고양경찰서앞.고양어린이박물관,2801
218000157,관산주공아파트.관산동행정복지센터,2799
219000379,성원에이스아파트,2796
218000830,희망양로원,2793
218001269,농협하나로클럽,2785
218001350,명성운수종점,2775
218000275,세수동,2763
218001251,국민은행,2758
219000596,하늘마을5단지,2758
219001041,풍산동행정복지센터,2757
219000184,탄현마을5.6단지,2756
218000221,동산동능모퉁이.한국지역난방공사,2750
219000047,문촌초등학교,2747
219000400,대화동,2721
219001004,고양세무서,2720
219000918,백송마을2단지,2718
219000461,숲속마을7.8단지,2717
219000262,일산국제컨벤션고교,2710
218000895,도래울마을4단지,2710
219000334,중산공원.중산파출소,2705
218000837,안골삼거리,2701
218000120,무원마을2.3단지,2691
218000025,고골입구,2687
219000181,현산초교,2666
219000587,중앙공원삼거리,2666
219000853,황해슈퍼,2655
218000223,삼송역사거리.지축차량기지입구,2647
219000452,호수마을(중),2646
218000667,신원마을6단지,2643
218000009,능곡고교,2641
218000277,삼송마을18.19단지,2632
218000191,능곡삼거리.금호아파트,2632
219000047,문촌초등학교,2622
218000217,삼송주택앞,2598
218000079,소만초등학교.소만마을8단지,2578
219001067,하늘마을2단지정문,2577
219000772,탄현역2번출구,2571
219000266,만자고개,2571
218001204,서정마을3단지,2550
218000051,고양현대아파트,2548
218000154,필리핀참전비,2544
219000307,강선초등학교,2543
219000353,백석8블록,2540
219001171,풍동고.다솜초교.풍동도서관,2534
218001251,국민은행,2512
219000662,킨텍스제1전시장,2511
218000071,화정동단독주택단지,2504
218000153,대자동,2503
219000310,신일초등학교,2499
219000692,경남아너스빌.탄현역,2496
219001034,백송마을8단지,2481
219000390,덕이초등학교,2470
218000160,두포동.관산동성당,2461
218000180,푸른마을10단지.대명교회앞,2458
219000566,박애원,2457
218000736,동아공업사,2455
219000160,백석중학교,2447
219001056,하늘마을3.4단지,2445
218000218,삼송역사거리.지축차량기지입구,2442
218000164,윗내유동.희망양로원,2433
219000591,하늘마을2단지,2427
218001116,햇빛마을21단지후문,2416
219000732,일산중심병원,2413
218000165,내유동,2409
218000136,화전역앞(중),2402
218000679,삼혜그린뷰아파트,2402
218000489,능곡병원,2395
218000333,사리현동.벽제교삼거리,2385
218000006,맨돌,2381
219000354,백석동우체국,2377
218000016,능곡중학교,2376
218000274,세수동,2363
218001325,이케아.롯데아울렛고양점,2362
218000169,벽제교.관산삼거리,2352
218000354,토당육교교차로,2348
218000219,삼송테크노밸리,2342
218001267,도래울초등학교,2340
219000405,일산서구보건소,2335
219000176,중산마을10단지.동신아파트,2332
218000314,상곡마을,2331
218000179,신성빌라.동익아파트,2329
218000272,삼송마을14.15단지,2328
218000232,옥빛마을16단지,2324
219000463,숲속마을7.9단지,2319
219000788,동국대병원사거리,2280
218000069,화정1동행정복지센터,2269
218001084,노인복지관,2267
219000454,알미공원(중),2255
219000217,이마트,2255
219000841,은행마을사거리,2251
219000843,은행마을1단지,2249
219000263,발산중학교,2243
218000964,동문아파트,2242
219000343,대화중학교.종합운동장,2233
218000832,늘사랑요양원,2224
219000473,웨스턴돔,2214
218000494,고양동종점,2210
219000308,강선초등학교,2205
218000142,항공대입구(중),2191
219000649,정발마을2단지,2187
218001037,무원마을6단지.두산아파트,2187
219000314,일신삼익아파트,2174
218001042,무원마을9단지.기산아파트,2168
219001136,교회앞,2167
219000195,대진고등학교,2156
219000695,중산마을1.2단지,2154
218000678,삼혜그린뷰아파트,2152
218000115,성사1동행정복지센터,2150
219000014,백신고교,2148
218000171,벽제역,2142
219000250,약산마을.애니골입구,2118
219000287,동해운수,2117
218000998,롯데마트고양점,2116
219000165,백신초교,2112
219000089,순복음영산교회,2100
219000703,위시티주상복합단지,2099
219001097,하이파크시티4단지입구,2098
218000083,토당초등학교.우창프라자,2097
218000195,능곡전화국,2094
218001132,햇빛마을21단지후문,2088
219000406,산들마을5단지,2079
218001269,농협하나로클럽,2075
219000017,백석1동행정복지센터,2074
218000687,단독주택단지,2074
218000173,선유동입구,2066
218000975,이마트,2057
218000353,토당육교교차로,2056
219000405,일산서구보건소,2051
218000139,덕은동(중),2039
219000410,한뫼초교.일산중고교,2036
218001039,무원마을8단지신안아파트.농협앞,2028
218000986,햇빛마을20.22단지,2027
219000590,하늘마을2단지,2026
219000239,북일산전화국.일산2동행정복지센터,2025
218000007,능곡화원,2024
219001060,양지마을2단지,2022
219000620,신일비즈니스고등학교,2012
219000205,정발고등학교,2007
218001280,삼송역3번출구,2004
218000183,부대앞.감로정,1992
219000375,풍3동,1986
218000339,샘터마을3단지,1986
219000333,한성아파트.중산마을8.9단지,1985
218000124,무원마을2.3단지,1984
218001065,화수고등학교앞,1979
219000829,차고지,1975
219000368,백석역(중),1971
219000018,백마마을2.3단지,1965
218000936,동원아파트,1961
219000041,백송마을1.2단지,1954
219000206,백마벽산아파트,1944
218000076,행신초교,1943
219000187,홀트학교,1942
219000280,송산동행정복지센터,1938
219000654,대화마을입구삼거리,1926
219000023,대진고등학교,1925
218001001,옥빛마을14.15단지,1925
218001357,향동숲내초등학교.DMC호반4단지,1911
218000445,무원마을3단지,1910
219000322,고봉초교.중산고교,1893
219000333,한성아파트.중산마을8.9단지,1890
218000087,가라뫼.한전앞,1881
218000090,삼송역4번출구,1880
219000306,문화초등학교,1878
218000279,가시골,1876
218001115,강매역,1869
218000703,더퍼스트프라임,1867
218001344,명성운수종점,1865
218000650,푸른마을3단지,1860
219000247,고양가구공단,1858
219000297,탄현2지구.풍림아파트,1852
218000023,내유초등학교앞,1850
218000679,삼혜그린뷰아파트,1843
219000874,홈모텔,1841
218000689,도래울마을1단지,1841
219001026,모모월드,1839
219000826,일산에듀포레푸르지오정문,1839
219000012,호수초교,1835
218000194,능곡전화국,1834
219000005,경기영상과학고교,1833
219000223,고양자유학교앞,1817
218000017,능곡중학교,1813
218000532,원당초등학교입구,1808
218001106,명현학교,1805
218000502,원당래미안아파트,1804
218001148,신원마을3단지후문,1799
219000877,GS자이아파트정문,1797
218000257,지축동,1792
218000648,화전사거리,1790
219000929,일산센트럴아이파크,1772
218000171,벽제역,1768
218000073,근린공원,1764
218000650,푸른마을3단지,1750
218000747,영흥빌라,1737
219000410,한뫼초교.일산중고교,1728
219000022,성저공원.대화동행정복지센터,1727
219000712,위시티입구,1725
218001259,삼송마을20단지정문,1724
219001087,동양아파트,1717
219001169,숲속마을3단지,1716
218000211,행주산성입구.행주내동,1707
219000604,한국건설기술연구원.킨텍스,1698
219000032,우리동네,1697
219000701,둥지마을.베송쥬쥬,1696
219000282,현충공원.태극단사거리,1685
219000332,신일중학교,1681
219001030,위시티2단지후문,1675
218000033,나루터,1660
218000005,원당중학교,1643
218001015,신원상가앞,1607
219000374,성원에이스아파트,1606
218000236,행주산성,1602
218000031,새서울아파트,1602
219000479,은곡마을회관,1597
219001092,가좌마을5.6단지,1591
219000636,탄현동문아파트,1590
219000690,메디누리병원,1587
219000013,호수13블럭,1575
218000095,원당역,1574
218000008,행주동행정복지센터.능곡전화국,1574
218000022,윗내유동.희망양로원,1569
219000264,덕이동문아파트,1562
218000162,고골입구,1549
219000718,덕이중학교,1549
219000824,백송마을3단지,1547
219000815,도촌,1545
219000776,위시티1.3단지,1533
218001329,도래울2단지상가,1533
219000402,한뫼초교.일산중고교,1532
218000080,무원고교,1528
218000273,삼송마을16.17단지,1528
219000054,동국대병원사거리,1511
219000092,고봉동행정복지센터,1508
218001184,도래울마을1단지후문,1505
219000127,예비군훈련장.성저3.4단지,1503
219000343,대화중학교.종합운동장,1497
219000747,가로수길,1497
219000438,노루뫼.노루뫼슈퍼,1492
218000205,능곡고교,1492
219000703,위시티주상복합단지,1487
219000039,백석도서관.일산병원,1484
218001050,관산주공아파트,1483
218000077,햇빛마을23단지,1479
218000276,삼송마을20단지,1476
219000011,이마트,1473
219000372,강촌마을1단지,1470
218000158,고양외고.고양제일중학교,1463
218000339,샘터마을3단지,1458
218000956,평산빌라,1456
219000359,호수공원육교,1454
219000268,송산동행정복지센터사거리,1447
219000462,숲속마을7.8단지,1444
218000173,선유동입구,1424
219000917,백송마을2단지,1424
218000167,청대골,1421
219000466,세원고교입구.동국대병원사거리,1415
218001262,삼송마을20단지후문,1402
219000670,하이파크시티2.3단지,1401
219000781,한뫼초교.동양아파트,1397
219000858,장성초교,1386
219000210,백석1동행정복지센터,1385
219000315,탄현효성주은아파트,1382
218000167,청대골,1382
219000758,호수공원관리사무소,1381
218001007,삼진식품,1376
218000235,행주초등학교,1375
218000123,소만마을6.7단지,1375
218001011,소만마을7단지.삼보마트,1367
219000247,고양가구공단,1366
219000671,하이파크시티1단지,1365
218000276,삼송마을20단지,1365
218001198,서정마을1단지.덕양행신종합사회복지관,1363
218000314,상곡마을,1362
219000955,백마골프장,1350
219001141,향군회관앞,1348
218000938,금모래슈퍼.보건소후문,1341
218000336,벽제교삼거리,1340
219000409,일산터미널,1340
218000125,무원마을.단독주택단지,1334
218000070,명지병원.은빛마을5단지,1331
218000208,맨돌,1327
219001070,성원아래정류소.에이스아파트,1323
218001006,영흥빌라,1323
218001349,킹스빌타운.미성빌라,1305
219000388,덕이동로데오거리,1305
219000666,하이파크시티4.5단지,1303
218000965,행신교회,1303
219001100,덕이고등학교,1299
219000265,중앙하이츠아파트,1293
219000382,강촌마을8단지,1281
218000195,능곡전화국,1278
218000154,필리핀참전비,1277
219000312,일산시장,1272
218001024,청구아파트,1269
219000215,호수13블럭,1269
218000149,부대앞.군인아파트,1261
218000561,용두사거리,1260
218000153,대자동,1254
218000239,효자동행정복지센터.효자파출소,1251
219000111,초가집.저동고교,1247
218000137,항공대입구(중),1242
219000164,백석중학교,1239
219001148,문촌사거리,1236
218000789,여래사앞,1235
219000905,하늘마을3단지,1234
219001142,향군회관앞,1223
218000687,단독주택단지,1223
219000672,하이파크시티1단지,1221
218000274,세수동,1218
219000249,사단앞,1215
219000267,송포백송,1207
218000519,삼송마을1602동앞,1197
219000689,육각수오피스텔,1196
218000309,장단상회,1194
218000282,원당역,1193
219000716,저동초교삼거리,1191
219001062,저동초교,1189
219000411,신원아파트,1183
218000185,보광주유소,1181
218001197,굴다리앞.덕양구보건소치매안심센터,1177
219000353,백석8블록,1174
219000755,안곡초등학교,1162
218001092,별빛마을10단지,1161
218000028,관산삼거리,1155
219000166,백신중학교.이마트,1154
219001076,빛마루.이비에스,1152
219000948,임광아파트,1142
219001128,가덕교,1135
218000184,추모공원하늘문,1135
218000146,가라뫼.소만마을1단지,1134
218000283,원당역,1134
219001065,하늘마을2단지후문,1128
218000953,고양초등학교.소방서,1127
219000252,북일산전화국.일산2동행정복지센터,1126
218000086,무원고교,1126
218001187,16단지.삼송초교,1126
218001008,서정중학교,1122
219000731,일산중심병원,1117
218000699,삼송마을18단지,1116
219000322,고봉초교.중산고교,1115
219000313,동문태영아파트,1111
218000163,내유초등학교,1108
219001129,대화마을2.3단지,1107
218001035,무원마을5단지,1103
218000160,두포동.관산동성당,1095
218000094,신원당마을입구,1092
219000376,식사오거리.영심동마을,1089
218000825,필리핀참전비,1089
218000464,신성슈퍼앞,1087
219000230,문봉빌라단지,1082
218000223,삼송역사거리.지축차량기지입구,1072
218511960,고양외고기숙사,1067
219000229,희망원,1057
218000212,대자동,1055
218001038,무원마을6단지.두산아파트,1054
219000175,중산마을입구.쌍용아파트.실로암병원,1050
218000994,서정마을2단지,1049
219000789,동국대병원사거리,1042
218000004,원당중학교,1037
219000774,고양국제고등학교,1033
219000135,서울도시가스,1030
218001161,마을회관,1029
218001003,마을회관,1028
218001195,고양시청,1028
219000791,백마역입구,1028
218001073,농협대학교,1023
219001008,동국로삼거리,1020
219000063,우편집중국,1020
219000754,안곡초등학교,1015
218000110,왕릉골,1015
219000755,안곡초등학교,1012
219000648,장촌초등학교,1010
218000207,능곡화원,1009
219000349,백석7블록,1008
218000183,부대앞.감로정,1008
218000550,동산마을22단지,1004
219000458,풍동상가단지,1003
219000404,일산터미널,1002
219000973,일산건영A.일산동고등학교,998
218000464,신성슈퍼앞,997
219000872,방범초소,994
219000476,숲속마을.은행마을입구,993
219000638,풍산역,991
219000922,문봉주유소,991
218000266,지축동,990
219000578,킨텍스원시티3단지,989
218000772,서정마을3단지,989
219000269,송산동행정복지센터사거리,989
219000088,현대그린아파트.예술인력개발원,986
218000920,신원당500단지,985
219000237,오미산주유소,984
219000556,안곡중고교,984
218000502,원당래미안아파트,983
218000026,가장동,982
219000013,호수13블럭,982
218001249,고양동현대아파트,980
219000464,숲속마을7.9단지,978
219000381,강촌마을1단지,976
219001090,서촌,976
219000341,송포파출소.송포농협,970
218001196,굴다리앞.덕양구보건소치매안심센터,970
219000646,킨텍스후문,969
218000039,토당고가.별빛마을9단지,969
219000298,탄현동문아파트,968
219000311,현대홈타운.일산서구보건소치매안심센터,966
218000533,푸른마을동익아파트,963
218001085,노인복지관,962
218000541,샘터마을1단지.무원고등학교,961
218000159,관산삼거리,956
219001059,밤가시7.8단지.광림교회,954
218000054,선유동입구,953
218000169,벽제교.관산삼거리,953
219000855,현대카센타,953
218001034,무원마을3단지,951
219000391,송산3통,944
219001053,애니골입구,943
218000929,예중아파트,941
219001074,원마운트.아쿠아리움,937
219000851,미니스톱,937
218000147,행신도서관,936
219000161,흰돌마을.서안아파트,934
218001036,무원마을5단지,934
218001236,대곡역,932
218000543,달걀부리마을,931
219000840,은행마을2단지,931
218000245,노고산예비군훈련장,930
218001040,무원마을8단지신안아파트.농협앞,929
219000299,탄현서광아파트,926
219000477,고양시도로관리사업소차량등록과,926
219000125,성저초등학교,925
219000429,대송중학교,922
218000212,대자동,922
219000258,박애원,921
219000797,장월슈퍼,919
219000965,기업은행,919
218000237,새마을,918
218000507,동산마을24단지,913
218001147,향동DMC하우스디,907
219000389,송산동행정복지센터,906
277102500,식사동차고지(경유),906
219000676,킨텍스제2전시장,905
219000372,강촌마을1단지,905
219000203,초가집.저동고교,904
219000278,송산3통,904
219000016,일산병원,899
218000496,목암초.중교,898
218000303,행주산성입구.행주내동,897
218000676,중간내유동,895
219000460,숲속마을4.5단지,894
218001179,지축역,893
219000257,청석궁.성석동감내,892
219000777,고양가구3단지입구,888
219000279,덕이초등학교,886
218000534,도래울7단지,884
219000062,우편집중국,884
219000820,양지마을2단지,882
218000989,햇빛마을18단지,881
219000320,상감천마을,879
218000174,빈정동,879
219000143,탄현2단지.삼익아파트,878
218000765,엘리시아,878
218001265,원흥역4번출구,876
219000127,예비군훈련장.성저3.4단지,873
218001102,동원17단지,872
218001060,현대1차아파트,871
219000243,고양가구공단,867
218000032,필리핀참전비,865
219001014,코스트코,864
219000650,정발마을3단지,860
219000705,위시티3.4단지,857
219000457,풍동상가단지,857
219001079,마두역,856
218000533,푸른마을동익아파트,855
218000750,서정마을1단지후문,852
218000689,도래울마을1단지,851
218000005,원당중학교,849
219000930,하늘초교입구.오병이어교회,847
219000926,사리현동문아파트,845
219000028,장고개,845
218000763,5단지미도파아파트앞,844
218000771,삼송마을14단지.농협대입구,843
219000726,덕이초등학교,840
219000149,중산마을10단지.동신아파트,834
218000628,큰골입구,833
219000653,대화마을입구삼거리,829
219000555,킨텍스원시티2단지,827
218001359,화정역3번출구,827
218000785,고골입구,825
218000006,맨돌,822
219001044,중앙하이츠아파트,818
218000146,가라뫼.소만마을1단지,818
219000916,백송마을7단지,817
219000572,백석역2번출구,817
219000087,벽제초교,815
219001106,하이파크시티2단지,815
219000222,고양자유학교앞,813
219001055,쌍용아파트,805
218001108,햇빛마을21단지,794
219000399,주엽고교,793
219000401,신원아파트앞,792
218001048,관산동행정복지센터.벽제시장,791
218001175,흥도동행정복지센터,790
218001201,서정마을6.9단지,790
218000940,고양시청후문,788
219000340,양우아파트,787
218000008,행주동행정복지센터.능곡전화국,782
218000976,지도초.중학교,780
218001169,지축차량기지입구,780
219000618,성저마을14단지,779
219000082,벽제초교,777
218000024,서울시립고양병원입구,775
219000325,한성아파트.중산마을8.9단지,771
219001063,일산경찰서,765
219000478,고양시도로관리사업소차량등록과,755
219000209,백송마을8.9단지,753
218000174,빈정동,753
218000856,원신동행정복지센터,749
218000496,목암초.중교,747
219000712,위시티입구,744
219000194,장성초교,740
219001139,탄현에이스아파트,739
219000491,일산약국,739
218000530,서울시립고양병원입구,737
219000754,안곡초등학교,733
218001069,현대2차아파트,732
219000609,저동중고교,729
218509990,고양외고기숙사,724
219001086,킨텍스제1전시장,723
219000411,신원아파트,722
219000998,원마운트,722
218000172,부대앞,722
219000924,새터마을입구,720
219001143,일산시장,718
218000511,옥빛마을13단지,718
218000544,달걀부리마을,717
218000032,필리핀참전비,717
218000056,벽제역,717
219000243,고양가구공단,716
218000806,윤창아파트,714
219000293,마을회관,711
219000324,중산공원.중산파출소,709
218000855,마을삼거리,705
218000718,스타필드고양,702
218000557,원흥도래울마을,701
218000046,고양동삼거리,701
219000021,성저마을13.14단지,696
219000371,강촌마을8단지,696
219000116,문촌마을6.7단지.쌍용아파트.기산아파트,696
219000402,한뫼초교.일산중고교,694
219000145,명문자동차학원,689
218000054,선유동입구,689
219001051,정발고등학교,688
218000968,햇빛마을23단지,688
277104367,세수동(경유),687
219000139,탄현마을6.7단지,686
218000931,청구아파트,686
219000870,이산포상회,685
218001137,흥도슈퍼,685
218000010,별빛공원,685
218000222,삼송테크노밸리,681
218000200,삼성당,679
277102664,내유동차고지(경유),679
218000206,행주동행정복지센터.능곡전화국,677
218001185,호반22단지정문,673
219000326,신일중학교.밤가시마을,671
219000603,한국건설기술연구원.킨텍스,670
218001247,세종명가빌라,669
218000110,왕릉골,668
219000814,청궁오리집,664
218000934,주교동행정복지센터,660
218000513,하늘소리요양원입구,660
218000560,용두사거리,658
218000825,필리핀참전비,656
218000795,신생당한의원,651
219001172,킨텍스꿈에그린.원시티1단지,647
218000640,고양동산초등학교.창릉동행정복지센터,646
219000089,순복음영산교회,646
219000666,하이파크시티4.5단지,645
277103703,킨텍스제2전시장(경유),645
218000499,삼성군인아파트,644
218000140,덕은동(중),643
219000125,성저초등학교,640
219000673,킨텍스,639
218000203,별빛마을7단지,638
218000638,고양중학교,637
219000671,하이파크시티1단지,637
218000862,박재궁,636
219000081,현대그린아파트.예술인력개발원,633
219000664,하이파크시티2.4단지,633
219000338,상감천마을,631
218000756,삼송마을19단지,630
218001279,용두초교,630
219000718,덕이중학교,630
218000003,양조장입구,629
219000803,멱절,627
219000294,거그뫼,624
219000146,중산마을2단지.해태쇼핑.코오롱아파트,623
218000865,세란내과(마을),623
219000881,환경사업소,622
218000803,종점,622
218000662,동산마을21단지,619
218000644,예비군훈련장,618
218000490,섬말다리,618
219000132,예비군훈련장.성저3.4단지,615
219000027,동해운수,611
218000056,벽제역,609
218000842,서정마을사거리,607
218000151,세원마을입구,605
218000123,소만마을6.7단지,604
218000273,삼송마을16.17단지,603
219000321,부대앞,603
218000531,원당초등학교입구,603
218000966,햇빛마을23단지,601
219000198,후곡건영동부아파트,598
219000080,순복음영산교회,597
219000726,덕이초등학교,596
218001052,원흥역7번출구,595
218001156,햇빛마을18-2단지,595
219000259,설문교,595
218000783,신원당200단지,593
219001050,정발고등학교,586
218000239,효자동행정복지센터.효자파출소,586
219000627,한수초등학교,585
219000273,덕이동문아파트,584
218001263,삼송도서관.고양중,584
219000960,SK주유소,583
218000792,삼삼슈퍼,582
218001185,호반22단지정문,577
218000027,두포동.관산동성당,576
219000589,중산마을9.10단지,574
219000969,장항굴다리,573
218000142,항공대입구(중),572
219000261,우리동네,571
219001130,대화마을2.3단지,570
218000551,용사촌입구,570
218001264,삼송도서관.고양중,569
218000852,대장1리마을회관,569
218000151,세원마을입구,569
218000864,신원당900단지,566
218000133,행신도서관,565
218000818,윗대자골,565
218000556,원흥도래울마을,563
218000686,단독주택입구,562
218000124,무원마을2.3단지,561
218000143,화전역앞(중),560
277101631,고양공영차고지(경유),560
219000148,중산마을11단지.현대아파트.삼성아파트,559
219000325,한성아파트.중산마을8.9단지,555
218000057,대자삼거리,555
219001166,일산두산위브더제니스,555
218000060,청대골,555
219001081,식사동,553
218000957,신원단독16단지,552
218000168,쥬쥬테마동물원,551
219000577,킨텍스원시티3단지,550
218001031,마을회관,548
218000633,용두7통앞,547
218000122,소만마을8.9단지,534
218000268,흥도동행정복지센터,531
219000377,식사오거리.영심동마을,530
219000194,장성초교,530
218000811,중부대학교입구,530
218000088,샘터마을2단지,529
219000367,농수산물센터,525
219000040,백석도서관.일산병원,525
219000739,신동아아파트,522
218000243,효자2통,519
218000657,벌말입구,518
219000934,행복한.더조은요양원,518
218000334,사리현동.벽제교삼거리,511
219000066,은곡마을,510
218001297,신원마을3단지,509
219000936,수문마트,509
218000528,동산마을24단지,504
218000859,삼송마을19단지,504
218001252,벽제역,503
219001154,신영아파트,502
218000055,부대앞,502
218001212,푸른마을10단지11동앞,501
219000669,하이파크시티2.3단지,500
219000371,강촌마을8단지,499
218000188,삼성당,496
218000281,흥도동행정복지센터,496
218000674,경남식당,495
219000954,토끼굴앞,494
219000804,한화꿈에그린아파트,492
218000111,내유동,489
218001074,고양어울림누리.달빛마을1단지,489
218000764,내곡1동마을회관,489
218000543,달걀부리마을,489
219000382,강촌마을8단지,487
218000717,고양시정연수원입구,486
218000238,서원,486
219001120,가좌고등학교,486
218000754,도래울마을수변공원,485
219000150,쌍용아파트.중산마을입구,484
218000642,대영관사,481
218000784,우인아파트,481
218000646,화전사단앞,478
219000647,킨텍스삼거리,478
219000782,거그뫼,476
218001054,솔개마을입구,473
219000086,사리현동입구,473
218000224,삼송주택앞,472
218000654,용현마을사거리,471
218000159,관산삼거리,468
218000970,소만마을6단지,468
218001105,명현학교,468
219000138,홀트학교,466
218001021,5단지미도파아파트앞,465
219001137,현산초등학교,462
218000493,내유동,460
219000630,주엽역사거리,459
219000950,은행마을사거리,459
218001131,서정마을사거리,458
218000172,부대앞,457
219000119,대화중학교.종합운동장,456
218000199,삼성당다리,454
218000135,화도교(중),452
219001073,아쿠아리움,449
218000802,고골전원마을입구,448
219000844,장항1동행정복지센터,447
218000242,효자비,447
218000822,대자동마을회관,447
219000246,식사오거리,446
218000166,삼릉역,445
218000062,왕릉골,445
219000879,멱절마을입구,444
219000738,하누리타운빌리지,442
219000141,탄현마을5.6단지,441
219000055,덕이동문2차아파트,440
218001360,도내동,440
219001105,하이파크시티2단지,438
218000686,단독주택입구,438
219001078,뉴코아백화점,435
219000838,백석교회,435
218000150,원신동행정복지센터,433
219000805,국립암센터,432
219000942,사리현마을,429
218000950,선유동가게,428
218000944,현대그린빌라,427
218000529,도래울7단지,427
219514960,하늘마을3단지입구,426
219000305,신일초등학교,426
218001211,벽제관지,425
218001026,강고산,425
218000338,섬말다리,425
218000166,삼릉역,424
219001167,탄현마을3.5단지,424
218001078,신원마을5단지,424
218000023,내유초등학교앞,423
218001089,햇빛마을23단지,423
219000188,탄현동종점,419
218000065,원릉역,419
219000740,신동아아파트,418
218000674,경남식당,417
219000759,설문2교,417
218000082,토당초등학교.우창프라자,417
218000335,벽제교삼거리,416
219000489,미주5차아파트.현산중학교,415
218000214,세원마을입구,415
219000770,고양송암고등학교,415
218000318,행신동(중),414
218000540,화전역앞,414
241501020,가좌도서관,413
218001110,삼송마을14단지.농협대입구,411
219000647,킨텍스삼거리,411
219000301,일산시장,409
218000575,용두5통앞,408
218000121,소만마을6.7단지,407
219000324,중산공원.중산파출소,406
219000401,신원아파트앞,406
277103897,기점대기(경유),401
219000981,성저마을8단지,400
218000127,샘터3단지.고양시교통정보센터,398
219000822,성저마을9단지.성저초교,398
218000931,청구아파트,396
219000124,서울도시가스,395
218000540,화전역앞,395
219000134,성저초등학교,395
219000923,문봉주유소,392
219000300,동문아파트,392
218000028,관산삼거리,391
219000105,고흥주유소,390
218001336,동산마을21단지,390
218001166,서원,389
219001043,에이스아파트,387
218000144,화도교(중),387
219000147,중산중학교.중산마을5단지,381
218000857,삼송마을18단지후문,379
218000658,용두삼거리,378
219000230,문봉빌라단지,377
219000994,국립암센터,375
219000659,문촌17단지신안아파트,375
218000168,쥬쥬테마동물원,374
277102390,식사동차고지(경유),374
218000850,대우자동차센터,372
219000600,한뫼초교.동양아파트,371
218001055,서삼릉종.마목장입구,370
219000170,정발마을1단지,368
219000920,위시티2.4단지,367
219001038,상가단지,365
219000346,문촌마을.라이프아파트,364
218000732,신원상가앞,361
218001045,덕양구청.동고양세무서,361
219000260,설문교,358
219000134,성저초등학교,357
219000451,고양종합운동장.일산서구청,356
219000465,세원고교입구.동국대병원사거리,356
219000034,식사동,353
219000967,일산장례식장,353
277101630,고양공영차고지(경유),352
218001335,권율부대,350
218001316,편의점앞,349
218001170,지축차량기지입구,349
218001130,은못이사거리,348
219001101,태영아파트,347
219000337,부대앞,346
219000223,고양자유학교앞,346
218000241,제3697공병부대,346
219000780,위시티5단지,345
219000595,중산마을1.2단지,345
218000670,신원마을9.10단지,344
219001088,대화교통사무실,344
219001049,백마골프장,344
219000106,마골,343
218000578,용두6통앞,342
218000074,화정2동행정복지센터,342
218001222,내곡1동,342
218000699,삼송마을18단지,342
218000780,선유다리,340
219001153,일산서부경찰서,339
218000207,능곡화원,337
218000967,가람중학교,337
219000187,홀트학교,337
219000983,성저마을10단지,336
219000105,고흥주유소,336
219001052,애니골입구,334
219000617,성저마을14단지,334
218000302,항공대학교,334
218001114,대한통운,334
218000040,응달촌,334
218000244,사기막골,334
218000807,평산빌라,334
218000189,삼성당다리,333
218000004,원당중학교,331
219000459,숲속마을4단지,331
219509830,동국대병원후문,330
218000677,중간내유동,328
219000893,회관앞,328
219000716,저동초교삼거리,328
218000787,마로어린이집,326
218000919,신원당500단지,325
219000142,일산동중학교,324
219000592,산들마을입구,324
219000379,성원에이스아파트,323
218000059,쥬쥬테마동물원,322
218000077,햇빛마을23단지,320
219000811,양평해장국,318
219000648,장촌초등학교,317
219000071,안골,316
218001318,가장동삼거리,315
218000055,부대앞,313
219000478,고양시도로관리사업소차량등록과,312
218000214,세원마을입구,311
219000903,이마트,309
219000081,현대그린아파트.예술인력개발원,308
219000077,고봉동행정복지센터,306
218000812,중부대학교입구,305
218000577,용두6통앞,303
218000743,2단지관리사무실앞,303
219000592,산들마을입구,303
218000131,부대앞.군인아파트,302
219000819,정발중학교,301
219000222,고양자유학교앞,301
219000055,덕이동문2차아파트,301
218001303,미타원입구,301
219000979,성저마을7단지,300
218001157,햇빛마을18-2단지.롯데마트고양점,300
219000132,예비군훈련장.성저3.4단지,299
219000352,일산병원,299
219000938,목공소,298
218001164,오금동종점,298
218000538,화전역앞,297
218000136,화전역앞(중),296
218001099,호반21단지.동산초등학교,296
219000120,건설산업혁신센터,294
218000637,소만마을(중),294
219000591,하늘마을2단지,293
218000536,고양축산농협,293
218000500,1군단앞,292
241501060,성저마을9단지,291
218000103,고양어울림누리.달빛마을1단지,289
219000085,구.한산기업,288
219001072,은행마을3단지,288
219000398,유화프라자,288
218000206,행주동행정복지센터.능곡전화국,288
219000180,한뫼도서관.명문자동차학원,287
219000108,문봉빌라단지,286
218000244,사기막골,286
219000956,일산동구청.대양호텔,285
219001132,백병원,283
219000282,현충공원.태극단사거리,282
218000694,농업기술센터,282
219000765,SK엠시티,282
218000139,덕은동(중),281
219000590,하늘마을2단지,281
218000260,효자동.산막골,281
218000760,삼송마을18단지후문,280
219000106,마골,280
219000571,마골,280
219000868,도촌교,279
218000649,예비군훈련장,278
219001151,일산서부경찰서,277
219001023,오렌지마트,276
219000331,우방아파트.강촌마을8단지,276
219000034,식사동,275
218001319,편의점앞,274
218000955,복지회관,274
218001027,강고산,274
218001051,선유동,274
219000674,킨텍스,274
218000759,서정중학교,273
219000092,고봉동행정복지센터,273
219000892,회관앞,272
219000296,탄현큰마을.동성아파트,271
218000684,은못이사거리,270
218509030,철길앞,267
219001115,두신마을마을회관,266
219000245,식사오거리,265
218000007,능곡화원,265
218000089,행신초등학교,264
219000963,대원자원,264
219000183,상탄초교,264
219000646,킨텍스후문,264
218000060,청대골,263
219000450,고양종합운동장.일산서구청,263
219000165,백신초교,263
218000538,화전역앞,262
218000064,윗배다리,261
218000963,소만마을5.6단지,261
219000738,하누리타운빌리지,261
219000669,하이파크시티2.3단지,261
219001089,멱절,260
219000342,건설산업혁신센터,260
219000091,상촌마을,258
218000126,샘터마을2단지.신능중학교,258
218001228,태성식품,258
218000853,군부대앞,258
218001144,신평동경로당,258
218000333,사리현동.벽제교삼거리,258
218000267,원당역,257
218001020,행신2동행정복지센터,257
218000800,순애원,256
218001120,지애슈퍼,256
218000045,보라빌라,256
218000632,용두7통앞,255
218000660,용두동,255
219000980,성저마을8단지,254
219000782,거그뫼,254
219000623,문촌마을14.19단지,251
219000470,고봉동행정복지센터,251
218000280,훼릭스,251
218000027,두포동.관산동성당,250
219000397,유화프라자,250
218000093,신원당마을7단지,249
218000841,다락골,249
219000348,백석동우체국,249
218000040,응달촌,248
219000108,문봉빌라단지,248
218000130,원신동행정복지센터,247
219000725,덕이초등학교,246
218000951,선유동가게,246
219000330,강촌마을2단지.한신아파트,246
219000246,식사오거리,244
219000087,벽제초교,244
218000068,고양어울림누리.달빛마을1단지,243
218000826,필리핀참전비,242
218000758,호반22단지정문,241
219001170,상가단지,241
219001135,교회앞,240
218000991,달빛마을3.4단지,239
219000327,동아아파트.강촌마을1단지,239
219000107,성석초교,238
218001317,가장동삼거리,238
218000817,윗대자골,238
218000996,달빛마을3.4단지,237
219000593,만자고개,235
277101660,킨텍스사거리(경유),235
219000388,덕이동로데오거리,234
218000692,단독주택입구,234
219000866,선인장앞,233
218000863,신원당900단지,233
218000256,효자동주민센터.효자파출소,233
218000104,성사2동행정복지센터,232
219000297,탄현2지구.풍림아파트,232
218001249,고양동현대아파트,231
218000768,선유다리,230
218000544,달걀부리마을,230
219000314,일신삼익아파트,230
219000569,구SBS스튜디오,229
218001238,벽산아파트후문,228
219000594,만자고개,228
218000227,송강마을,226
218001217,행신3동행정복지센터,225
219000020,후곡마을7.8단지,225
219000922,문봉주유소,224
218001311,중남미문화원,223
219000024,농수산물센터,223
219001152,일산서부경찰서,222
218000838,내유동입구,220
218000234,토당고가.별빛마을9단지,220
219000629,주엽역사거리,219
218000616,현천동마트,219
218001257,강매역,219
218000576,용두5통앞,218
218000508,체육공원앞,218
218000971,행신2동행정복지센터,217
218000817,윗대자골,216
218000003,양조장입구,215
219000180,한뫼도서관.명문자동차학원,215
218000269,훼릭스,215
219000265,중앙하이츠아파트,214
218001176,성은농원,213
218000811,중부대학교입구,211
218001146,화정2동행정복지센터(마을),211
219000377,식사오거리.영심동마을,210
219000320,상감천마을,209
219000104,성석주유소,209
219000340,양우아파트,209
219001066,하늘마을2단지정문,208
219000381,강촌마을1단지,208
219000245,식사오거리,208
218001214,항공대학교,207
219000080,순복음영산교회,207
218001260,삼송마을20단지정문,206
218000024,서울시립고양병원입구,205
219001153,일산서부경찰서,204
218000777,민방위교육장,204
218000806,윤창아파트,204
219000141,탄현마을5.6단지,204
219000159,백신고교,204
219000307,강선초등학교,203
219000684,덕이상가,202
219000077,고봉동행정복지센터,200
218000815,경기축산,200
218000321,소만마을8.9단지,200
218000673,경남식당,199
218001168,농구대,199
219000571,마골,198
219000225,세기상운,196
218000926,덕양노인복지관,196
218000258,(구)효자동주민센터,195
218000148,낙타고개.원당골,195
219000594,만자고개,195
219000952,GS자이아파트정문,194
241500020,가좌도서관,193
219000914,임광아파트,193
219000932,일산동고.호곡초교,193
219000074,진밭,193
219000109,희망원,192
218000666,신원마을7.8단지,192
219000668,하이파크시티3.5단지,192
219000229,희망원,191
218000129,송강마을,190
219000990,탄현마을5단지,189
219001172,킨텍스꿈에그린.원시티1단지,189
277102658,대화동차고지(경유),188
219000741,중앙하이츠아파트후문,187
219000761,하이파크시티4단지,187
219000231,성석초교,186
218001075,용두초교,186
218000053,빈정동,185
219000398,유화프라자,184
218000067,성사2동행정복지센터,183
219000575,가좌마을.벽산아파트504동,183
218001013,소만마을5단지,183
219001094,엠블호텔,183
219000394,일산교회,182
218000517,서정마을입구,182
219001126,가좌동사거리,181
218001246,부대앞,181
219000576,지영동,181
219000672,하이파크시티1단지,181
219001054,쌍용아파트,180
218000228,신원교,180
219000492,위시티3.4단지,180
219000993,정발중학교,179
218000046,고양동삼거리,178
219000233,고흥주유소,178
218000170,대자삼거리,177
218000826,필리핀참전비,177
219000082,벽제초교,177
219000645,고양공영차고지,177
218000191,능곡삼거리.금호아파트,174
218000982,세원마을,174
218001129,은못이사거리,174
219000396,주엽고교,174
218000515,수역이마을,174
218000170,대자삼거리,173
219000677,성저리,173
218000099,화정역.덕양구청,172
218000242,효자비,172
219000857,차고지,172
218000253,효자비,171
218000200,삼성당,170
218001233,대장17통마을회관,170
218000243,효자2통,170
219000937,수문마트,170
219000437,온정마을,169
219000244,식사삼거리.식사공단,169
219000029,청석궁.성석동감내,168
218001119,지애슈퍼,168
219000104,성석주유소,168
219000923,문봉주유소,168
218000631,도래울6.7단지,167
219000940,함지박,167
218001018,아랫말,167
218000311,계명상회,167
218000302,항공대학교,167
219000621,장촌공원사거리.일산백병원입구,166
219000376,식사오거리.영심동마을,166
219000234,성석주유소,166
218000187,신주택,166
218000250,노고산예비군훈련장,166
219000888,밝은학교,165
218000527,물구리,165
218001098,신원마을4단지,165
277103705,대화7단지사거리(경유),165
219001152,일산서부경찰서,164
219000475,숲속마을.은행마을입구,164
218000092,신원당마을7단지,163
218001230,한샘교회,163
219000725,덕이초등학교,163
218000818,윗대자골,162
218000061,삼릉역,162
218001231,중대장동입구,161
218000885,새마을입구,160
218001199,선유동,160
219000143,탄현2단지.삼익아파트,159
219000721,고양예고후문,158
219001017,삼성캐슬.삼학법보사,158
218000659,용두삼거리,158
218000301,항공대학교,157
218000822,대자동마을회관,157
218000609,마을회관앞,156
218000878,원당골,156
218001093,옥빛마을16.17단지,156
219000231,성석초교,155
219000456,풍산동행정복지센터,155
218000562,용두사거리,153
218001250,고양일고,153
219000986,성저마을11단지,153
219000103,두테비,153
218000057,대자삼거리,153
218001206,동아공업사,152
218001124,방앗골,152
218000586,양지말,151
218001244,성촌마을,151
218000990,은빛마을11단지.부영아파트앞,151
218001140,서정마을7단지후문,151
219000099,현대공업사,151
218000240,관세농원,151
219001082,둥지마을.베송쥬쥬,150
218001010,5단지관리사무실앞,150
219000075,신병교육대,150
219000565,가좌마을.킴스.벽산A516동,150
219000443,가좌양우대우아파트,150
219000053,덕이동문2차아파트,149
218000751,열방교회,149
219000298,탄현동문아파트,149
219000237,오미산주유소,149
218000258,(구)효자동주민센터,149
218001181,궁말,148
218000034,나루터,148
219000580,해들마을,147
219000228,고봉동행정복지센터,146
219000060,탑골마을,146
219000461,숲속마을7.8단지,146
218000692,단독주택입구,145
219000107,성석초교,145
218000262,오금동고개,145
219000982,성저마을9단지.성저초교,144
218001340,용정초교,144
219000060,탑골마을,144
218000108,윗배다리,144
219000780,위시티5단지,144
219000423,가좌마을.벽산아파트504동,143
219000083,사리현동입구,142
218001315,연안중장비학원,142
218000259,참절,142
218000805,윤창아파트,142
218000059,쥬쥬테마동물원,141
219001131,장촌초등학교,140
218001077,소만마을6단지,140
218000251,사기막골,140
218000053,빈정동,139
218000647,화전사거리,138
218001005,현대2차아파트,138
218000683,원신5통.안터마을,137
218000141,화전동행정복지센터,137
218000841,다락골,137
219000102,푸르메마을,136
219000434,송포초교,136
219000723,동문3차아파트,135
218000512,라자가구,134
218000902,우일시장,134
218001014,삼보마트,134
218000132,낙타고개.원당골,134
218000011,은빛마을6단지,133
218000224,삼송주택앞,133
218001220,안골,133
219001124,홈마트,132
219001077,일산동구청,131
218001253,성사중학교,131
219000628,한수초등학교,131
218000893,대장동입구,131
218000508,체육공원앞,130
219000477,고양시도로관리사업소차량등록과,130
218000047,푸른마을10단지.대명교회앞,130
219000999,원마운트,130
218000757,호반22단지후문,129
219000737,하누리타운빌리지,129
218001202,내곡교회,129
218000260,효자동.산막골,128
218001165,서원,128
219000137,탄현동,128
218001218,아랫말,127
219001019,산황동,127
218000702,원흥역6번출구,127
218000814,천주교묘,127
218000263,효자동.산막골,126
218001344,명성운수종점,125
219000109,희망원,125
219000117,연세프라자,124
219000118,장성중학교.대진고등학교,124
277103095,토당육교(경유),124
218001068,민방위교육장,123
218000673,경남식당,123
219000057,두신마을,123
218000755,큰나무교회,122
219000100,일산터미널,122
219000059,되레지마을사거리앞,122
219000185,황룡초교,121
219000328,강촌마을2단지.한신아파트,121
218000643,대영관사,120
218001289,덕은동마을,120
219000985,성저마을11단지,120
218001111,미래빌라,120
218000301,항공대학교,120
218000821,대자동마을회관,120
219000978,성저마을7단지,119
218000261,오금동고개,119
219000737,하누리타운빌리지,119
219000433,은행나무집,118
218000835,다리앞,118
218000913,그레이스빌,118
218000889,세기마을,117
219000816,예슬마을,117
219000302,현대홈타운.일산서구보건소치매안심센터,117
219000272,중앙하이츠아파트,116
218000843,산황동입구,116
218000923,독곶이,116
218000058,벽제교.관산삼거리,115
219000943,사리현마을,114
219000984,성저마을10단지,114
218000816,경기축산,114
219000396,주엽고교,113
218001242,선유동입구,113
218000700,삼송마을18단지,113
218000466,신성슈퍼앞,113
218001139,흥도슈퍼,113
218000956,평산빌라,112
219000476,숲속마을.은행마을입구,112
277102792,킨텍스사거리(경유),112
219000292,활천교회,111
218000346,고양시청,111
218001061,덕양우체국,110
219000295,탄현큰마을.쌍용아파트,110
218000058,벽제교.관산삼거리,110
219000103,두테비,109
219000677,성저리,109
219000083,사리현동입구,109
218000201,신주택,109
218000241,제3697공병부대,108
218001205,신평로삼거리,107
218000062,왕릉골,107
218000198,삼화연립,107
218001237,벽산아파트후문,106
218000816,경기축산,106
218001135,대장골입구,106
219000281,덕이동로데오거리,105
218000266,지축동,104
219000657,어린이교통공원,104
218001334,예승프라자,103
219000849,부경카센타,103
218000607,대덕동행정복지센터,102
219000318,일산가구공단,102
219000775,위시티1.3단지,102
218000828,금강슈퍼,100
218000037,행주산성,100
218000635,일산화훼단지,100
218001296,신원중학교,99
218000251,사기막골,99
219000073,중고차매매단지,99
218000259,참절,98
218000912,원당초등학교,98
219000349,백석7블록,98
218000315,상곡마을,98
218000311,계명상회,97
219000319,성석동,97
218000634,일산화훼단지,97
218000941,고양시청후문,96
218000252,효자2통,96
218000580,국민은행앞,95
219000233,고흥주유소,95
219000142,일산동중학교,95
219000306,문화초등학교,95
218000656,벌말입구,94
218001294,벽제3통마을회관,94
219515020,구제거리,94
219000961,SK주유소,94
218000493,내유동,94
219000440,청원.벽산아파트306동,94
219000451,고양종합운동장.일산서구청,94
219000432,송포분재원.다리앞,93
218000271,원흥동,93
219000828,서촌,93
219000724,동문3차아파트,93
218000199,삼성당다리,92
218000807,평산빌라,92
218000937,동원아파트,92
218000535,고양축산농협,92
218001012,서정마을5단지,92
219000162,백석역3번출구,92
219000735,칼빌리지,92
218001133,부대앞,91
219000058,당음마을,91
219000463,숲속마을7.9단지,91
218000262,오금동고개,90
218000877,원당골,90
219000875,홈모텔,89
218001033,소만마을5단지,89
219001176,퍼스트가든,88
218001079,벽제역,88
219514980,그린빌리지.농협연수원,87
218000959,팔각정,87
218001167,농구대,87
218000109,부대앞,87
219000701,둥지마을.베송쥬쥬,87
218001216,서정마을7단지후문,86
218000879,구)삼능상회,86
219000790,원시티1.2단지,85
219000425,송포초교,85
218000037,행주산성,85
219000836,문봉삼거리,85
219000846,포도농원,84
219000799,장월,83
219000090,문봉고개,83
219001027,모모월드,83
218001272,육골,83
218000663,도래울6.7단지,82
219001021,문봉낚시터,82
218000958,팔각정,82
219000977,성저마을6단지,81
219000910,하늘마을2단지후문,80
219000435,가좌동.구종점,80
219000644,고양공영차고지,80
219000793,장월교,78
219000830,꽃길,78
219000935,행복한.더조은요양원,78
218001123,소줏골.마을회관,78
219000102,푸르메마을,78
219000570,안골,78
218000076,행신초교,77
219000072,사당골,77
219000767,후동입구,77
219001108,두신마을사거리,76
218001276,마을회관,76
218000876,원당대림e편한세상,76
218001200,삼송역8번출구,76
218001203,매미골,75
219001039,숲속마을3.6단지.두산아파트,75
218001125,은지사거리,75
219000095,진밭,75
219000717,덕이중학교,75
219000393,덕이상가,74
218000061,삼릉역,74
219000835,문봉삼거리,74
218000722,도내동,74
219000304,후동입구,74
219000428,대화동동문3단지,73
219000234,성석주유소,73
218000921,독곶이마을회관,73
219000051,두신마을,73
218001363,다락골,73
219000321,부대앞,72
219000101,오미산주유소,72
219000063,우편집중국,72
218001247,세종명가빌라,72
219000442,가좌양우대우아파트,72
219000341,송포파출소.송포농협,72
219000450,고양종합운동장.일산서구청,72
219000896,화평교회,71
218000949,벽산아파트후문,71
219000491,일산약국,71
218505840,농업기술센터,70
219001144,현대홈타운3단지,70
219001159,거그뫼로터리,70
219000581,하늘마을4단지,70
219000925,새터마을입구,70
219000959,영재목재.섬다리,70
219000759,설문2교,70
218000564,부대앞,69
218000676,중간내유동,69
218000969,소만마을1.2.3단지,69
218000977,옥빛마을16.17단지,69
219000681,청아공원,69
219001083,산황동입구,68
218000257,지축동,68
219000939,목공소,68
219000094,신병교육대,68
218000138,화전동행정복지센터,68
218000312,정식암,67
218000788,여래사앞,67
218000962,무원마을1단지.소만초교,67
218001028,매화정,67
218001067,항공대학교동문,67
218000685,은못이사거리,66
219000678,성저리,66
218000809,LG물류센터,66
219000845,양우드라마시티,65
218000849,옥천집,65
219000487,하감천마을,65
218000052,응달촌,64
218000492,신원도서관,64
219000890,돌바위집,64
218000917,배밭집,64
218000307,벽제묘지,64
219000600,한뫼초교.동양아파트,64
219000380,백마마을5단지,63
219000352,일산병원,63
219511440,삼성화재연수원,63
219000486,하감천마을,63
218000190,삼화연립,63
218000128,신원교,63
219000220,세기상운,62
219000911,한화꿈에그린아파트,62
218000905,고양어울림누리(마을),62
219000715,숲속마을,62
219000244,식사삼거리.식사공단,61
218001059,중대장동,61
219000235,두테비,61
218000514,수역이마을,61
219000059,되레지마을사거리앞,60
218000134,서정마을(중),60
218000145,서정마을(중),60
218000034,나루터,59
218001285,새마을금고,59
218001076,5단지엘지.신성아파트앞,59
219000369,알미공원,59
219000049,되레지마을사거리앞,59
277103488,행주IC(경유),59
219000226,억척목장,58
219000078,상촌마을,58
219000056,성재공단입구,58
219000908,탄현2지구.풍림아파트,58
218001163,화훼단지입구,58
219000091,상촌마을,58
218000236,행주산성,58
218000308,장단상회,58
219000696,바이네르,58
219000958,영재목재.섬다리,57
219000987,한라아파트.대송중학교후문,57
218000636,소만마을(중),57
218001134,부대앞,57
219000048,탑골마을,57
218000036,새마을,57
219000652,상골,57
218001227,대장1리마을회관,56
219001025,식사삼거리.식사공단,56
219000833,지영마트,56
219000900,교산길,56
218000939,금모래슈퍼.보건소후문,56
218001121,방앗골,56
218000052,응달촌,56
219000288,덕이의류상가.현충공원.태극단사거리,55
219001102,태영아파트,55
218001223,대우자동차센터,55
218000960,미래빌라,55
218001090,소만마을5.6단지,55
219000593,만자고개,55
219000771,고양송암고등학교,55
218000823,통일로불가마,55
277103884,동산삼거리(경유),55
219000179,중산마을2단지.해태쇼핑.코오롱아파트,54
219000796,장월목장,54
218001219,안골,54
218001229,한샘교회,54
218001292,텃말,54
218000668,신원마을6단지,54
218001159,신원마을2단지정문,54
219000373,백마마을5단지,54
219000733,한솔무역,54
218000310,벽제묘지,54
219000436,주말자연농원입구,53
219000744,되레지,53
219001098,하이파크시티4단지입구,53
218000943,서초아파트입구,53
219000070,잣골,53
218000954,장군묘앞,53
218001284,동화길,52
218000240,관세농원,52
218001192,용두2리,52
218000261,오금동고개,52
218000065,원릉역,51
218001298,중남미문화원,51
219000810,숲속마을8단지후문,51
218000824,통일로불가마,51
218000845,대장17통마을회관,51
218000701,하늘소리요양원입구,51
218000554,원흥주유소,50
219000399,주엽고교,50
219000390,덕이초등학교,50
218000733,서정마을5단지,50
218001301,어수정낚시터,50
218000829,희망양로원,50
218000933,예중아파트,50
219000471,오목골,50
218000043,추모공원하늘문,50
218000078,행신동(중),49
218000149,부대앞.군인아파트,49
218000701,하늘소리요양원입구,49
219000657,어린이교통공원,49
218000015,고양아쿠아스튜디오,49
218000718,스타필드고양,49
219000186,탄현마을6.7단지,49
219000069,소개울,49
218000033,나루터,49
218000255,관세농원,49
218001288,탁구장앞,48
218000264,참절,48
219000713,지영동,48
218000522,대덕동행정복지센터,47
218000045,보라빌라,47
218000737,소줏골.마을회관,47
218001225,은빛마을11단지,47
218001243,월촌마을,47
218000854,덕양구청후문,47
219000768,화훼단지,47
218000044,부대앞.감로정,47
218000254,제3697공병부대,47
219000623,문촌마을14.19단지,47
219000760,설문2교,47
218001024,청구아파트,47
219000742,중앙하이츠아파트후문,46
219001042,풍산동행정복지센터,46
218000553,흥도동행정복지센터,45
219000761,하이파크시티4단지,45
219514970,전촌마을,45
219000941,함지박,45
218001118,다향찻집,45
218001122,박털보네,45
219000456,풍산동행정복지센터,45
219000350,일산병원,45
219000576,지영동,45
218000143,화전역앞(중),44
218001241,용두2리,44
219514120,고봉4통마을회관,44
218001303,미타원입구,44
218000779,현대1차아파트,44
218000847,수자원공사,44
218000898,오익코사마트,44
218000661,용두동,44
219000455,풍산동행정복지센터,44
219000618,성저마을14단지,43
218001224,내곡2동,43
219000854,황해슈퍼,43
219000975,성저마을5단지,43
218000773,대정역,43
218000521,용두동,43
218000237,새마을,43
218001304,대자교,43
218000312,정식암,43
218000813,천주교묘,43
218000216,신원마을7.8단지,42
219000832,지영마트,42
218000815,경기축산,42
218000891,세기마을입구,42
218000980,신능중학교,42
218001341,용정초교,42
218000513,하늘소리요양원입구,42
219000053,덕이동문2차아파트,42
219000079,문봉고개,41
219001116,가좌마을6단지후문,41
218000669,신원마을9.10단지,41
219000344,장성중학교.대진고등학교,40
219000389,송산동행정복지센터,40
219000277,덕이주유소,40
218000109,부대앞,40
218001274,세갓부리,40
218001291,윗말,40
219000236,푸르메마을,40
219000096,중고차매매단지,40
218000615,현천동마트,39
219001032,고양가구공단,39
218001321,친구네가든,39
218000907,삼림우인아파트후문,39
218000947,벽산아파트정문,39
219000358,홈플러스,39
235000683,세광사,39
219000705,위시티3.4단지,39
218001213,신평로삼거리,38
218001302,창석농원앞,38
218000781,라자가구,38
219000859,산들마을입구,38
218000927,양조장,38
218000655,용현마을사거리,38
218001191,열방교회,38
218513960,철길앞,38
219000691,경남아너스빌.탄현역,38
218000042,보광주유소,38
219000569,구SBS스튜디오,38
218000820,동서기획,38
219000218,국제공원,37
219000227,국제공원,37
218000188,삼성당,37
219001024,오렌지마트,37
219000720,일산중심병원입구,37
218000263,효자동.산막골,37
219000730,은장고개,37
218000048,신성빌라.동익아파트,37
218000246,상미조경,37
219000567,박애원,37
219000876,GS자이아파트후문,36
218000315,상곡마을,36
219000736,동국로삼거리,36
219000690,메디누리병원,36
218000591,덕은양묘장,35
218001286,새마을금고,35
218001312,벽제벧엘교회,35
218001041,행신2동행정복지센터,35
229002872,SBS전원마을,35
218000334,사리현동.벽제교삼거리,35
219000783,거그뫼,35
218000716,고양시정연수원입구,35
219001028,구식사소방소앞,34
219001177,퍼스트가든,34
219001018,삼성캐슬.삼학법보사,34
219000579,해들마을,34
218000776,국방대학교아파트,34
219000238,일산터미널,34
219000588,중산마을9.10단지,34
218000466,신성슈퍼앞,34
219000605,애니골입구,33
218000614,부대앞,33
219000084,구.한산기업,33
218001226,푸른마을10단지,33
218001271,육골,33
219000997,엠블호텔,33
219000079,문봉고개,33
218000235,행주초등학교,33
218001306,미타원입구,33
218000497,고양동종점,33
219000573,가좌마을.킴스.벽산아파트509동,33
219001109,두신마을사거리,32
218001287,탁구장앞,32
218001363,다락골,32
218000979,행신초등학교,32
219000090,문봉고개,32
218001183,원흥역5번출구,32
218001250,고양일고,32
219000224,지영리교회,31
218000185,보광주유소,31
218000063,부대앞,31
218001283,동화길,31
218001308,어수정낚시터,31
219000947,로데오거리,31
218000782,고양어울림누리(마을),31
218000851,태성식품,31
218001101,마을삼거리,31
219000683,강촌마트,31
218000612,쌍굴입구,30
219001179,백석역5번출구,30
219000798,한영하이츠,30
219000392,덕이주유소,30
218000739,5단지삼성.삼익아파트앞,30
219000864,푸른농장,30
218000910,임창아파트,30
219000473,웨스턴돔,30
219000431,대화동동문3단지,29
218000148,낙타고개.원당골,29
219001057,가좌마을1.2단지,29
218000278,원흥동,29
218000900,방범초소,29
218001142,mbc송출국,29
219000656,송산9통,29
218000035,서원,29
218000500,1군단앞,29
219000628,한수초등학교,29
277103490,북로JC(경유),29
219000369,알미공원,28
219001033,식사삼거리.가구공단입구,28
219000860,도촌,28
219000919,식사삼거리.식사공단,28
218000813,천주교묘,28
218000771,삼송마을14단지.농협대입구,28
219000219,억척목장,27
219001145,삼남빌라앞,27
219511380,삼성화재연수원,27
219000886,장미농원,27
218001127,강고개,27
219000345,연세프라자,27
219001163,전원마을입구,27
218000265,(구)효자동주민센터,27
219000424,가좌동.구종점,26
219515030,구제거리,26
219000915,일산농협,26
218000935,주교동행정복지센터,26
218001343,달빛4단지후문,26
218001022,덕양구청후문,26
219000818,가좌마을1.2단지,26
218000766,샛말빌라단지입구,26
219000713,지영동,26
218000804,천사의집,26
277103090,화전사거리(경유),26
218000581,현천동,25
218001245,선유동회관,25
218001345,킹스빌타운.미성빌라,25
218000256,효자동주민센터.효자파출소,25
218000786,마로어린이집,25
218000846,수자원공사,25
218000881,삼능교회,25
218001143,신평동경로당,25
218001177,배드민턴클럽,25
219000489,미주5차아파트.현산중학교,25
219000056,성재공단입구,25
219000586,중앙공원삼거리,25
219001022,문봉낚시터,24
218001322,희망식당,24
218000839,내유동입구,24
218516680,곡릉천농원,24
218001348,경찰교육훈련센터,24
219000834,일성정밀앞,24
219000894,산황동,24
218000932,2단지라이프아파트앞,24
218000716,고양시정연수원입구,24
219000085,구.한산기업,24
219000663,하이파크시티2.4단지,24
219001099,덕이고등학교,23
218001053,솔개마을입구,23
218001094,샘터2단지201동앞,23
218001107,용두농협,23
219000146,중산마을2단지.해태쇼핑.코오롱아파트,23
218000819,동서기획,23
218000824,통일로불가마,23
218000618,양지말,22
219000440,청원.벽산아파트306동,22
219000235,두테비,22
219000762,하이파크시티4단지,22
218001332,청너머굴씨묘입구,22
219000585,힐스테이트일산,22
218000310,벽제묘지,22
218000309,장단상회,22
219000902,오거리농장,22
219000974,성저마을5단지,22
218000793,삼삼슈퍼,22
218001023,서정마을7단지,22
218000271,원흥동,22
219000469,잣골,22
219000697,윤촌말.원창주류,22
219000280,송산동행정복지센터,21
219000729,은장고개,21
219001006,곡산역,21
218001307,창석농원앞,21
218000925,덕양노인복지관,21
219000078,상촌마을,21
218000278,원흥동,21
218000044,부대앞.감로정,20
218000047,푸른마을10단지.대명교회앞,20
219001114,옥이네,20
218001254,푸른마을10단지입구,20
219515000,오목촌,20
218000887,남양유업,20
219000633,무지개마을,20
219000384,안산공원,20
219000367,농수산물센터,20
219000344,장성중학교.대진고등학교,20
219000120,건설산업혁신센터,20
219000101,오미산주유소,20
219000052,성재공단입구,20
218000063,부대앞,20
218000038,행주초등학교,20
219000658,어린이교통공원,20
219000466,세원고교입구.동국대병원사거리,20
277103094,토당육교(경유),20
277103384,일산IC출입(경유),20
277103483,자유로진입(경유),20
277103485,행주IC(경유),20
218000613,부대앞,19
218000107,원릉역,19
218001248,세종명가빌라,19
218000265,(구)효자동주민센터,19
219000655,송산9통,19
218000778,국방대학교아파트,19
218000814,천주교묘,19
218000883,새마을마을회관,19
218001188,배드민턴클럽,19
219000441,청원.벽산아파트306동,19
219000472,오목골,19
218000498,1군단앞,19
218000306,계명상회,19
219000584,식사동차고지,19
219001118,가좌마을6단지입구,18
218001346,경찰교육훈련센터,18
219000850,부경카센타,18
218001342,달빛4단지후문,18
218000717,고양시정연수원입구,18
218000345,고양시청,18
219000395,고양선인장시험장,17
219000221,지영리교회,17
219514110,고봉4통마을회관,17
219000933,일산동고.호곡초중교,17
219000962,대원자원,17
219000971,자유로주유소,17
218000790,초이스마트,17
218000985,고양동시장.우체국,17
218001058,농협대학교,17
218001190,흥도동4통입구,17
218000204,별빛공원,17
218001248,세종명가빌라,17
218000247,지축예비군훈련장,17
219000420,노루뫼.노루뫼슈퍼,16
219000269,송산동행정복지센터사거리,16
218000734,서정마을7단지,16
218000491,신원도서관,16
219000756,덕이상가,16
219001096,한산초교.덕이고교,16
219001110,두신마을입구,16
219001127,가덕교,16
219514990,그린빌리지.농협연수원,16
219000658,어린이교통공원,16
218000810,LG물류센터,16
218000821,대자동마을회관,16
218001056,홍익교회,16
219000621,장촌공원사거리.일산백병원입구,16
219000680,청아공원,16
218000588,영일자원,15
219000155,정발마을1단지,15
219507350,거그뫼,15
218001290,월촌마을,15
218001306,미타원입구,15
219001161,지영교,15
219000856,현대카센타,15
219000899,삼거리,15
219000760,설문2교,15
218000238,서원,15
218000555,원흥주유소,14
219000792,송포교회.노루뫼,14
218000038,행주초등학교,14
218000738,용두농협,14
219001134,신우아파트,14
219000847,포도농원,14
219000852,미니스톱,14
218001173,우림아파트후문,14
218000767,엘리시아,14
219000076,자동차매매단지,14
218000248,지축예비군훈련장,14
218000499,삼성군인아파트,14
218000617,양지말,13
229002872,SBS전원마을,13
219000279,덕이초등학교,13
219000391,송산3통,13
218000735,금강슈퍼,13
219001122,가좌마을2.3단지후문,13
218001221,내곡1동,13
218001261,삼송마을20단지후문,13
219000678,성저리,13
218001273,세갓부리,13
218000682,원신5통.안터마을,13
219000719,일산중심병원입구,13
219000976,성저마을6단지,13
218000831,늘사랑요양원,13
218000914,오거리농장,13
218000983,대한통운,13
218000002,고개,13
219000404,일산터미널,12
219001123,홈마트,12
218001232,중대장동입구,12
218001281,화전동행정복지센터,12
218001310,고양유스호스텔,12
219000885,원마운트,12
218001136,대장골입구,12
218001207,장군묘앞,12
219001087,동양아파트,12
219000144,탄현마을,12
219000506,당음마을,12
219001155,현대모터스튜디오고양,12
218000667,신원마을6단지,12
219000455,풍산동행정복지센터,12
277100867,일산터미널(경유),12
277103383,일산IC진입(경유),12
218000525,부대앞,11
218000585,양지말,11
219000118,장성중학교.대진고등학교,11
218000036,새마을,11
218000135,화도교(중),11
218001282,화전동행정복지센터,11
218001331,청너머굴씨묘입구,11
219000895,산황동,11
218000794,신생당한의원,11
218000799,순애원,11
218000840,새벽교회,11
218000844,산황동입구,11
218000875,은빛마을부영아파트.덕양우체국,11
218000886,새마을입구,11
218000904,다향찻집,11
218001002,항공대학교동문,11
218001154,원당2동경로당,11
218000670,신원마을9.10단지,11
219000288,덕이의류상가.현충공원.태극단사거리,11
218000264,참절,11
218001110,삼송마을14단지.농협대입구,11
277102552,중산7단지사거리(경유),11
218000610,마을회관앞,10
219000426,은행나무집,10
219000802,개선스포츠,10
218000744,호반21단지.동산초등학교,10
219001113,합동택배,10
218001270,원흥주유소(마을),10
219000758,호수공원관리사무소,10
218000804,천사의집,10
218000945,현대그린빌라,10
218000514,수역이마을,10
219000634,이전마을회관,10
219000084,구.한산기업,10
219000778,고양가구3단지입구,10
218001015,신원상가앞,10
277103091,화전사거리(경유),10
277103704,쌍용5단지앞(경유),10
219000801,대화교통사무실,9
219000806,일성정밀앞,9
218000108,윗배다리,9
218000035,서원,9
219001005,백석체육센터,9
218001309,블루베리농장,9
218001313,희망식당,9
218001320,연안중장비학원,9
218001323,벽제벧엘교회,9
219510250,동국대병원후문,9
218000675,흥도동행정복지센터,9
218001057,홍익교회,9
219000637,일산가구단지사거리,9
218001305,대자교,9
219000773,고양국제고등학교,9
219000710,숲속마을,9
219000276,덕이상가,8
218000203,별빛마을7단지,8
218000184,추모공원하늘문,8
219515010,오목촌,8
219000873,방범초소,8
218000819,동서기획,8
218000915,은빛사랑교회,8
218000916,은빛사랑교회,8
218001064,화수고등학교앞,8
219000989,개선스포츠,8
219000490,일산약국,8
218000536,고양축산농협,8
219000488,현산중학교,8
277103176,자유로JC(경유),8
218001208,흥도동4통입구,7
219000807,명진검사소,7
218000204,별빛공원,7
218000010,별빛공원,7
219000752,가좌마을6단지후문,7
218000255,관세농원,7
218000253,효자비,7
219000717,덕이중학교,7
219000897,화평교회,7
219000970,자유로주유소,7
218000809,LG물류센터,7
219000387,화훼단지,7
218000732,신원상가앞,7
219000708,두배로마트,7
218000579,항공대학교,6
218000582,현천동,6
218001256,원당중학교,6
218001305,대자교,6
219000863,타조농장,6
219000891,돌바위집,6
218000896,화수중고(마을),6
218000922,독곶이마을회관,6
218001030,마을회관,6
218001172,LH고양사업본부,6
219000700,이전마을회관,6
277103486,행주IC(경유),6
277103694,한산초교사거리(경유),6
219000373,백마마을5단지,5
218000611,쌍굴입구,5
218000601,윤창아파트,5
219001095,한산초교.덕이고교,5
218001275,마을회관,5
218001304,대자교,5
219001158,거그뫼로터리,5
219000025,현대백화점후문,5
218000254,제3697공병부대,5
219000821,로데오거리,5
219000831,꽃길,5
219000883,토끼굴앞,5
218000820,동서기획,5
218000924,독곶이,5
218001128,강고개,5
219000351,화훼단지,5
219000682,바이네르,5
219000707,칼빌리지,5
218000249,상미조경,5
218000668,신원마을6단지,5
219000475,숲속마을.은행마을입구,5
219000607,애니골입구,4
219000415,활천교회,4
219000422,주말자연농원입구,4
219000275,일산교회,4
218000144,화도교(중),4
219001117,가좌마을6단지입구,4
218001234,대곡역입구,4
218001255,원당중학교,4
218001277,원흥동,4
218001293,벽제3통마을회관,4
219000771,고양송암고등학교,4
219000812,기업은행,4
218000306,계명상회,4
219000582,동국대병원정문,4
219000837,일산농협,4
219000869,도촌교,4
219000901,교산길,4
219000964,양평해장국,4
218000834,다리앞,4
218000882,삼능교회,4
218000908,군부대앞,4
218000954,장군묘앞,4
219000380,백마마을5단지,4
219000734,두배로마트,4
218000305,정식암,4
218000810,LG물류센터,4
218000535,고양축산농협,4
219000358,홈플러스,3
218000602,윤창아파트,3
219000800,한영하이츠,3
219000048,탑골마을,3
218000189,삼성당다리,3
218000042,보광주유소,3
219000743,되레지,3
218001300,블루베리농장,3
218001314,친구네가든,3
218516690,곡릉천농원,3
219001160,지영교,3
218000252,효자2통,3
218000308,장단상회,3
219000887,장미농원,3
219000898,삼거리,3
219000906,장항1동행정복지센터,3
219000966,일산장례식장,3
218000801,고골전원마을입구,3
218000808,천사의집,3
218000890,세기마을,3
218000894,대장동입구,3
218000918,배밭집,3
218000928,양조장,3
218001082,세기마을입구,3
218001141,mbc송출국,3
219000145,명문자동차학원,3
219000342,건설산업혁신센터,3
219000093,자동차매매단지,3
218000304,부대앞,3
219000236,푸르메마을,3
277101854,성석동차고지(경유),3
277102451,킨텍스제2전시장(경유),3
277103467,송산IC(경유),3
277103482,산남IC(경유),3
218001207,장군묘앞,2
218000598,원골마을회관,2
218000589,현천동일신농장,2
219000421,온정마을,2
219000274,고양선인장시험장,2
219000264,덕이동문아파트,2
218000190,삼화연립,2
218000043,추모공원하늘문,2
218000131,부대앞.군인아파트,2
219001080,대신화물,2
219001007,곡산역,2
219000769,화훼단지,2
218001235,대곡역입구,2
219515040,전촌마을,2
218001364,창릉초교,2
218000498,1군단앞,2
219000871,이산포상회,2
219000880,멱절마을입구,2
219000889,밝은학교,2
218000775,중대장동,2
218000880,구)삼능상회,2
218000307,벽제묘지,2
218001100,원당2동경로당,2
219000988,백석교회,2
219000138,홀트학교,2
219000424,가좌동.구종점,2
219000661,무지개마을,2
218000808,천사의집,2
219000442,가좌양우대우아파트,2
219000444,가좌마을.킴스.벽산A509동,2
277100002,탄현동차고지(경유),2
277103177,자유로JC(경유),2
277103762,강매IC(경유),2
218000593,덕은동,1
218000600,성보화학,1
218000592,덕은양묘장,1
219000794,구식사소방소앞,1
219000278,송산3통,1
219000268,송산동행정복지센터사거리,1
219000052,성재공단입구,1
219000049,되레지마을사거리앞,1
218000198,삼화연립,1
218000518,서정마을입구,1
219000746,새터말,1
219001104,파밀리에417동앞,1
219001020,명진검사소,1
218001295,신원중학교,1
219000862,타조농장,1
219000865,푸른농장,1
218000774,대정역,1
218000884,새마을마을회관,1
218001113,흥도동행정복지센터,1
218001117,박털보네,1
218001126,은지사거리,1
218001171,LH고양사업본부,1
218000001,고개,1
219000140,황룡초교,1
219000097,사당골,1
219000651,윤촌말.원창주류,1
219000660,상골,1
219000675,강촌마트,1
219000762,하이파크시티4단지,1
219000752,가좌마을6단지후문,1
218000702,원흥역6번출구,1
219000709,한솔무역,1
219000445,킴스벽산516동,1
277103460,자유로진입(경유),1
277103466,송산IC(경유),1
277103475,강매IC(경유),1
277103478,현천IC(경유),1
277103480,자유로진입(경유),1
277103489,북로JC(경유),1
218000594,덕은동,0
218000599,성보화학,0
218000597,원골마을회관,0
218000590,현천동일신농장,0
218000587,영일자원,0
219000427,송포분재원,0
219001103,파밀리에417동앞,0
219001111,가좌동성당,0
219001112,진흥교회,0
219001125,가좌동사거리,0
218001278,원흥동,0
218001299,고양유스호스텔,0
218001365,이편한세상시티삼송3단지,0
219000867,선인장앞,0
219000882,환경사업소,0
219000968,장항굴다리,0
218000823,통일로불가마,0
218000827,새벽교회,0
218000888,남양유업,0
218001029,매화정,0
219000139,탄현마을6.7단지,0
219000425,송포초교,0
219001082,둥지마을.베송쥬쥬,0
219000441,청원.벽산아파트306동,0
